Location,Loc2,YSW,Year,Date,Cap,MYSE,Net_events,Nets
LI,Island,1,2012,23-Jul,1,1,1,4
LI,Island,1,2012,24-Jul,1,7,1,4
LI,Island,1,2012,25-Jul,1,4,1,4
LI,Island,1,2012,27-Jul,1,3,1,4
LI,Island,1,2012,29-Jul,1,6,1,4
LI,Island,1,2012,30-Jul,1,1,1,4
LI,Island,1,2012,31-Jul,1,3,1,4
LI,Island,1,2012,1-Aug,0,0,1,4
LI,Island,3,2014,28-Jul,1,1,1,4
LI,Island,3,2014,29-Jul,0,0,1,5
LI,Island,3,2014,30-Jul,1,3,2,11
LI,Island,3,2014,31-Jul,1,2,2,11
LI,Island,3,2014,1-Aug,1,1,1,4
LI,Island,3,2014,18-Sep,0,0,1,4
LI,Island,3,2014,19-Sep,1,2,1,4
LI,Island,4,2015,19-Jun,0,0,1,3
LI,Island,4,2015,22-Jun,0,0,1,2
LI,Island,4,2015,24-Jun,0,0,1,3
LI,Island,4,2015,25-Jun,0,0,1,3
LI,Island,4,2015,26-Jun,0,0,1,3
LI,Island,4,2015,29-Jun,1,8,1,4
LI,Island,4,2015,30-Jun,1,4,1,4
LI,Island,4,2015,29-Jul,0,0,1,8
LI,Island,4,2015,30-Jul,0,0,1,8
LI,Island,4,2015,18-Aug,0,0,1,7
LI,Island,4,2015,19-Aug,0,0,1,7
LI,Island,5,2016,27-Jun,0,0,1,2
LI,Island,5,2016,28-Jun,0,0,1,2
LI,Island,5,2016,29-Jun,1,1,1,2
LI,Island,5,2016,30-Jun,0,0,1,2
LI,Island,5,2016,2-Jul,0,0,1,2
LI,Island,5,2016,3-Jul,0,0,1,2
LI,Island,5,2016,4-Jul,0,0,1,2
LI,Island,5,2016,5-Jul,0,0,1,2
LI,Island,5,2016,6-Jul,1,5,1,3
LI,Island,6,2017,12-Apr,1,3,1,5
LI,Island,6,2017,13-Apr,1,2,1,7
LI,Island,6,2017,26-Jun,1,2,1,5
LI,Island,6,2017,27-Jun,1,3,1,7
LI,Island,6,2017,18-Oct,1,4,1,5
LI,Island,6,2017,19-Oct,1,2,1,5
LI,Island,6,2017,1-Nov,0,0,1,4
LI,Island,6,2017,2-Nov,0,0,1,4
LI,Island,6,2017,6-Nov,0,0,1,3
LI,Island,7,2018,9-Apr,1,3,1,3
LI,Island,7,2018,10-Apr,0,0,1,4
LI,Island,7,2018,11-Apr,0,0,1,4
LI,Island,7,2018,12-Apr,0,0,1,4
LI,Island,7,2018,16-Apr,0,0,1,6
LI,Island,7,2018,17-Apr,0,0,1,6
LI,Island,7,2018,18-Apr,1,1,1,4
LI,Island,7,2018,19-Apr,0,0,1,4
LI,Island,7,2018,23-Apr,1,1,1,5
LI,Island,7,2018,24-Apr,1,2,1,5
LI,Island,7,2018,25-Apr,0,0,1,6
LI,Island,7,2018,26-Apr,0,0,1,6
LI,Island,7,2018,16-May,0,0,1,3
LI,Island,7,2018,17-May,0,0,1,6
LI,Island,7,2018,18-May,1,2,1,3
LI,Island,7,2018,20-May,1,2,1,5
LI,Island,7,2018,21-May,1,2,1,5
LI,Island,7,2018,22-May,0,0,1,4
LI,Island,7,2018,11-Jun,0,0,1,4
LI,Island,7,2018,12-Jun,1,1,1,4
LI,Island,7,2018,15-Jun,0,0,1,3
LI,Island,7,2018,10-Jul,0,0,1,6
LI,Island,7,2018,11-Jul,0,0,2,6
LI,Island,7,2018,13-Jul,0,0,1,4
LI,Island,7,2018,14-Jul,0,0,1,4
LI,Island,7,2018,15-Jul,0,0,1,4
LI,Island,7,2018,18-Jul,1,2,1,5
LI,Island,7,2018,19-Jul,0,0,1,4
LI,Island,7,2018,23-Jul,0,0,1,4
LI,Island,7,2018,24-Jul,0,0,1,6
LI,Island,7,2018,26-Jul,0,0,1,6
LI,Island,7,2018,16-Oct,0,0,1,4
LI,Island,7,2018,17-Oct,0,0,1,4
LI,Island,7,2018,18-Oct,0,0,1,5
LI,Island,7,2018,19-Oct,0,0,1,5
LI,Island,7,2018,20-Oct,0,0,1,5
LI,Island,7,2018,22-Oct,0,0,1,4
LI,Island,7,2018,23-Oct,0,0,1,4
LI,Island,7,2018,24-Oct,0,0,1,4
LI,Island,7,2018,25-Oct,0,0,1,4
LI,Island,7,2018,26-Oct,0,0,1,6
LI,Island,7,2018,28-Oct,0,0,1,8
LI,Island,7,2018,29-Oct,0,0,1,8
LI,Island,7,2018,30-Oct,0,0,1,8
LI,Island,7,2018,31-Oct,0,0,1,7
LI,Island,7,2018,1-Nov,1,2,1,11
LI,Island,7,2018,4-Nov,0,0,1,10
LI,Island,7,2018,7-Nov,1,1,1,10
LI,Island,7,2018,7-Nov,0,0,1,4
LI,Island,7,2018,8-Nov,0,0,1,4
LI,Island,8,2019,17-Apr,0,0,1,3
LI,Island,8,2019,23-Apr,0,0,1,3
LI,Island,8,2019,24-Apr,1,2,1,5
LI,Island,8,2019,25-Apr,1,1,1,6
LI,Island,8,2019,27-Apr,0,0,1,4
LI,Island,8,2019,29-Apr,0,0,1,4
LI,Island,8,2019,19-May,1,1,1,4
LI,Island,8,2019,22-Jun,1,1,1,6
LI,Island,8,2019,24-Jun,1,1,1,5
LI,Island,8,2019,3-Jul,1,1,1,5
LI,Island,8,2019,29-Jul,1,2,1,5
LI,Island,8,2019,26-Jul,0,0,1,4
LI,Island,8,2019,27-Jul,0,0,2,8
LI,Island,8,2019,28-Jul,0,0,2,10
LI,Island,8,2019,29-Jul,1,3,2,10
LI,Island,8,2019,1-Aug,1,1,2,10
LI,Island,8,2019,2-Aug,1,1,2,10
LI,Island,8,2019,3-Aug,0,0,1,5
LI,Island,8,2019,4-Aug,1,2,2,10
LI,Island,8,2019,5-Aug,0,0,2,10
LI,Island,8,2019,6-Aug,0,0,1,5
LI,Island,8,2019,7-Aug,0,0,1,5
LI,Island,8,2019,8-Aug,0,0,1,5
LI,Island,8,2019,15-Oct,0,0,1,5
LI,Island,8,2019,18-Oct,1,1,1,6
LI,Island,8,2019,19-Oct,0,0,1,9
LI,Island,8,2019,21-Oct,1,1,1,5
LI,Island,8,2019,23-Oct,0,0,1,5
LI,Island,8,2019,24-Oct,1,1,1,7
LI,Island,8,2019,25-Oct,0,0,1,9
LI,Island,8,2019,29-Oct,1,1,1,7
LI,Island,8,2019,30-Oct,1,1,1,4
LI,Island,8,2019,2-Nov,0,0,1,5
LI,Island,8,2019,4-Nov,0,0,1,5
LI,Island,8,2019,5-Nov,1,1,1,8
LI,Island,9,2020,30-Jul,0,0,1,6
LI,Island,9,2020,31-Jul,1,1,1,6
LI,Island,9,2020,1-Aug,0,0,1,6
LI,Island,9,2020,2-Aug,0,0,1,7
LI,Island,9,2020,3-Aug,0,0,2,6
LI,Island,9,2020,5-Aug,0,0,1,8
LI,Island,9,2020,6-Aug,0,0,1,8
LI,Island,9,2020,7-Aug,0,0,1,7
LI,Island,9,2020,8-Aug,0,0,1,8
LI,Island,9,2020,9-Aug,1,1,2,6
LI,Island,9,2020,10-Aug,0,0,2,7
LI,Island,9,2020,11-Aug,0,0,1,4
LI,Island,9,2020,12-Aug,1,1,1,7
LI,Island,9,2020,13-Aug,0,0,1,7
LI,Island,9,2020,24-May,1,1,1,5
LI,Island,9,2020,25-May,1,1,1,4
LI,Island,9,2020,31-May,1,1,1,5
LI,Island,9,2020,2-Jun,1,1,1,5
LI,Island,9,2020,23-Jun,1,1,1,5
LI,Island,9,2020,8-Oct,1,1,1,5
MV,Island,1,2014,22-Jun,1,2,1,7
MV,Island,1,2014,23-Jun,0,0,1,4
MV,Island,1,2014,23-Jun,1,1,1,4
MV,Island,1,2014,17-Jul,0,0,1,3
MV,Island,1,2014,28-Jul,1,2,1,4
MV,Island,1,2014,31-Jul,0,0,1,3
MV,Island,1,2014,12-Aug,0,0,1,3
MV,Island,1,2014,18-Aug,0,0,1,3
MV,Island,1,2014,2-Sep,0,0,1,4
MV,Island,2,2015,31-May,0,0,1,4
MV,Island,2,2015,2-Jun,1,3,1,7
MV,Island,2,2015,10-Jun,0,0,1,3
MV,Island,2,2015,11-Jun,0,0,1,6
MV,Island,2,2015,16-Jun,0,0,1,4
MV,Island,2,2015,17-Jun,0,0,1,3
MV,Island,2,2015,25-Jun,0,0,1,4
MV,Island,2,2015,28-Jun,0,0,1,4
MV,Island,2,2015,15-Jul,0,0,1,5
MV,Island,2,2015,20-Jul,1,1,1,3
MV,Island,2,2015,22-Jul,0,0,1,3
MV,Island,2,2015,26-Aug,0,0,1,3
MV,Island,2,2015,27-Aug,0,0,1,5
MV,Island,2,2015,31-Aug,0,0,1,4
MV,Island,2,2015,1-Sep,0,0,1,4
MV,Island,2,2015,2-Sep,0,0,1,5
MV,Island,2,2015,3-Sep,1,1,1,4
MV,Island,2,2015,8-Sep,0,0,1,4
MV,Island,3,2016,14-Jun,0,0,1,2
MV,Island,3,2016,16-Jun,0,0,1,3
MV,Island,3,2016,20-Jun,0,0,1,3
MV,Island,3,2016,21-Jun,0,0,1,4
MV,Island,3,2016,22-Jun,0,0,1,4
MV,Island,3,2016,23-Jun,0,0,1,4
MV,Island,3,2016,24-Jun,0,0,1,4
MV,Island,3,2016,25-Jun,0,0,1,4
MV,Island,3,2016,26-Jun,0,0,1,4
MV,Island,3,2016,27-Jun,0,0,1,3
MV,Island,3,2016,28-Jun,0,0,1,3
MV,Island,3,2016,30-Jun,0,0,1,4
MV,Island,3,2016,1-Jul,0,0,1,2
MV,Island,3,2016,2-Jul,0,0,1,4
MV,Island,3,2016,3-Jul,0,0,1,4
MV,Island,3,2016,5-Jul,0,0,1,5
MV,Island,3,2016,12-Jul,0,0,1,3
MV,Island,3,2016,19-Jul,0,0,1,2
MV,Island,3,2016,9-Aug,0,0,1,3
MV,Island,3,2016,17-Aug,0,0,1,3
MV,Island,3,2016,18-Aug,0,0,1,3
MV,Island,3,2016,18-Aug,0,0,1,4
MV,Island,3,2016,21-Aug,1,1,1,1
MV,Island,3,2016,12-Sep,0,0,1,2
MV,Island,3,2016,13-Sep,0,0,1,2
MV,Island,3,2016,8-Oct,0,0,1,4
MV,Island,3,2016,10-Oct,0,0,1,5
MV,Island,3,2016,11-Oct,0,0,1,4
MV,Island,3,2016,12-Oct,0,0,1,6
MV,Island,3,2016,13-Oct,1,1,1,5
MV,Island,3,2016,14-Oct,0,0,1,5
MV,Island,3,2016,15-Oct,0,0,1,2
MV,Island,3,2016,16-Oct,0,0,1,5
MV,Island,3,2016,17-Oct,0,0,1,5
MV,Island,3,2016,18-Oct,0,0,1,3
MV,Island,3,2016,19-Oct,0,0,1,4
MV,Island,3,2016,19-Oct,0,0,1,4
MV,Island,3,2016,20-Oct,0,0,1,4
MV,Island,3,2016,20-Oct,0,0,1,4
MV,Island,3,2016,21-Oct,0,0,1,2
MV,Island,3,2016,29-Oct,0,0,1,9
MV,Island,3,2016,2-Nov,0,0,1,6
MV,Island,3,2016,3-Nov,0,0,1,4
MV,Island,3,2016,1-Dec,0,0,1,3
MV,Island,3,2016,1-Dec,0,0,1,2
MV,Island,4,2017,5-Jul,0,0,1,2
MV,Island,4,2017,20-Jul,0,0,1,1
MV,Island,4,2017,26-Jul,0,0,1,2
MV,Island,4,2017,31-Jul,0,0,1,2
MV,Island,4,2017,16-Aug,0,0,1,3
MV,Island,4,2017,18-Oct,0,0,1,3
MV,Island,4,2017,20-Oct,0,0,1,4
MV,Island,4,2017,22-Oct,0,0,1,2
MV,Island,4,2017,23-Oct,0,0,1,2
MV,Island,4,2017,28-Oct,0,0,1,3
MV,Island,4,2017,2-Nov,0,0,1,3
MV,Island,4,2017,2-Nov,0,0,1,1
MV,Island,4,2017,3-Nov,0,0,1,2
MV,Island,5,2018,23-Apr,1,1,1,3
MV,Island,5,2018,24-Apr,0,0,1,2
MV,Island,5,2018,1-May,1,1,1,2
MV,Island,5,2018,3-May,1,1,1,3
MV,Island,5,2018,7-May,1,1,1,1
MV,Island,5,2018,9-May,0,0,1,1
MV,Island,5,2018,10-May,0,0,1,1
MV,Island,5,2018,5-Jul,0,0,1,2
MV,Island,5,2018,7-Aug,0,0,1,3
MV,Island,5,2018,21-Aug,0,0,1,3
MV,Island,5,2018,16-Oct,0,0,1,3
MV,Island,5,2018,19-Oct,1,1,1,3
MV,Island,5,2018,20-Oct,0,0,1,2
MV,Island,5,2018,23-Oct,0,0,1,4
MV,Island,5,2018,29-Oct,0,0,1,4
MV,Island,5,2018,31-Oct,0,0,1,2
MV,Island,5,2018,1-Nov,0,0,2,5
MV,Island,6,2019,14-Apr,1,1,1,1
MV,Island,6,2019,17-Apr,0,0,1,1
MV,Island,6,2019,23-Apr,0,0,1,1
MV,Island,6,2019,24-Apr,0,0,1,1
MV,Island,6,2019,25-Apr,1,1,1,1
MV,Island,6,2019,30-Apr,0,0,1,1
MV,Island,6,2019,1-May,0,0,1,1
MV,Island,6,2019,6-May,0,0,1,3
MV,Island,6,2019,8-May,0,0,1,3
MV,Island,6,2019,15-May,0,0,1,1
MV,Island,6,2019,16-May,1,2,1,1
MV,Island,6,2019,20-Jun,0,0,1,4
MV,Island,6,2019,26-Jun,1,1,1,4
MV,Island,6,2019,2-Jul,0,0,1,2
MV,Island,6,2019,26-Jul,0,0,1,3
MV,Island,6,2019,22-Aug,0,0,1,2
MV,Island,6,2019,14-Oct,0,0,1,4
MV,Island,6,2019,15-Oct,0,0,1,5
MV,Island,6,2019,19-Oct,0,0,2,5
MV,Island,6,2019,20-Oct,0,0,2,5
MV,Island,6,2019,21-Oct,0,0,2,6
MV,Island,6,2019,23-Oct,0,0,1,3
MV,Island,6,2019,24-Oct,0,0,2,6
MV,Island,6,2019,25-Oct,1,1,1,4
MV,Island,6,2019,26-Oct,0,0,1,2
MV,Island,6,2019,29-Oct,0,0,1,2
MV,Island,6,2019,30-Oct,0,0,1,2
MV,Island,6,2019,5-Nov,0,0,1,1
MV,Island,6,2019,6-Nov,0,0,1,1
MV,Island,6,2019,7-Nov,0,0,2,3
MV,Island,6,2019,11-Nov,1,1,1,3
MV,Island,6,2019,15-Nov,0,0,1,1
MV,Island,7,2020,28-Sep,0,0,1,3
MV,Island,7,2020,29-Sep,0,0,1,2
MV,Island,7,2020,5-Oct,0,0,1,2
MV,Island,7,2020,6-Oct,0,0,1,3
MV,Island,7,2020,9-Oct,0,0,1,3
MV,Island,7,2020,14-Oct,1,1,1,7
MV,Island,7,2020,16-Oct,0,0,1,4
MV,Island,7,2020,19-Oct,0,0,1,3
MV,Island,7,2020,21-Oct,0,0,1,5
MV,Island,7,2020,22-Oct,0,0,1,5
MV,Island,7,2020,23-Oct,1,1,1,4
MV,Island,7,2020,24-Oct,0,0,1,4
MV,Island,7,2020,26-Oct,0,0,1,4
MV,Island,7,2020,27-Oct,0,0,1,4
MV,Island,7,2020,28-Oct,0,0,1,5
MV,Island,7,2020,6-Nov,0,0,2,6
MV,Island,7,2020,7-Nov,1,1,2,6
MV,Island,7,2020,8-Nov,0,0,1,6
MV,Island,7,2020,9-Nov,0,0,1,4
MV,Island,8,2021,27-Apr,0,0,1,1
MV,Island,8,2021,28-Apr,0,0,1,1
MV,Island,8,2021,1-May,0,0,1,1
MV,Island,8,2021,4-May,0,0,1,1
MV,Island,8,2021,6-May,0,0,1,1
MV,Island,8,2021,7-May,1,3,1,3
MV,Island,8,2021,12-May,0,0,1,1
MV,Island,8,2021,14-May,0,0,1,1
MV,Island,8,2021,15-May,0,0,1,1
MV,Island,8,2021,17-May,0,0,1,1
MV,Island,8,2021,19-May,0,0,1,4
MV,Island,8,2021,21-May,0,0,1,4
MV,Island,8,2021,27-May,0,0,1,3
MV,Island,8,2021,1-Jun,0,0,1,4
MV,Island,8,2021,2-Jun,0,0,2,5
MV,Island,8,2021,5-Jul,0,0,1,4
MV,Island,8,2021,15-Jul,0,0,1,3
MV,Island,8,2021,21-Jul,0,0,1,4
MV,Island,8,2021,23-Jul,1,3,1,1
MV,Island,8,2021,27-Jul,1,1,1,3
N,Island,-4,2016,29-Apr,0,0,1,4
N,Island,-4,2016,30-Apr,0,0,1,6
N,Island,-4,2016,2-May,0,0,1,6
N,Island,-4,2016,19-Jul,0,0,1,4
N,Island,-4,2016,20-Jul,1,10,1,5
N,Island,-4,2016,30-Oct,1,1,1,5
N,Island,-4,2016,31-Oct,0,0,1,5
N,Island,-3,2017,18-Jul,1,3,1,5
N,Island,-3,2017,20-Jul,1,1,1,5
N,Island,-3,2017,21-Jul,1,5,1,5
N,Island,-3,2017,22-Jul,1,6,1,5
N,Island,-3,2017,2-Aug,1,4,1,2
N,Island,-3,2017,8-Aug,1,2,1,1
N,Island,-3,2017,17-Aug,1,4,1,2
N,Island,-3,2017,17-Oct,0,0,1,5
N,Island,-3,2017,18-Oct,1,6,1,5
N,Island,-3,2017,20-Oct,1,3,1,5
N,Island,-2,2018,1-May,1,6,1,4
N,Island,-2,2018,8-May,1,2,1,3
N,Island,-2,2018,31-May,1,1,1,2
N,Island,-2,2018,19-Jun,0,0,1,3
N,Island,-2,2018,5-Aug,1,8,1,4
N,Island,-2,2018,16-Aug,1,2,1,4
N,Island,-2,2018,22-Sep,1,5,1,2
N,Island,-2,2018,28-Sep,1,3,1,4
N,Island,-2,2018,16-Oct,0,0,1,2
N,Island,-2,2018,20-Oct,1,5,1,3
N,Island,-2,2018,22-Oct,0,0,1,3
N,Island,-2,2018,23-Oct,1,1,1,1
N,Island,-2,2018,28-Oct,1,1,1,3
N,Island,-2,2018,1-Nov,1,5,1,4
N,Island,-1,2019,17-Apr,0,0,1,2
N,Island,-1,2019,25-Apr,1,3,1,3
N,Island,-1,2019,1-May,1,2,1,3
N,Island,-1,2019,7-May,1,3,1,3
N,Island,-1,2019,11-May,0,0,1,1
N,Island,-1,2019,31-May,1,14,1,3
N,Island,-1,2019,12-Jun,1,7,1,3
N,Island,-1,2019,25-Jul,1,12,1,3
N,Island,-1,2019,12-Aug,1,17,1,3
N,Island,-1,2019,27-Aug,1,2,2,3
N,Island,-1,2019,21-Sep,1,2,1,2
N,Island,-1,2019,19-Oct,1,1,1,2
N,Island,-1,2019,20-Oct,1,6,1,2
N,Island,-1,2019,24-Oct,1,3,1,2
N,Island,-1,2019,25-Oct,1,3,1,3
N,Island,-1,2019,3-Nov,0,0,1,3
N,Island,-1,2019,4-Nov,0,0,2,3
N,Island,-1,2019,5-Nov,1,1,1,1
N,Island,-1,2019,7-Nov,1,3,1,1
N,Island,-1,2019,11-Nov,1,1,1,2
N,Island,0,2020,19-Oct,1,2,1,2
N,Island,0,2020,21-Oct,1,4,1,2
N,Island,0,2020,23-Oct,1,1,1,2
N,Island,0,2020,24-Oct,1,1,1,2
N,Island,0,2020,26-Oct,1,1,1,2
N,Island,0,2020,6-Nov,0,0,1,2
N,Island,0,2020,7-Nov,0,0,1,2
N,Island,0,2020,8-Nov,0,0,1,2
N,Island,0,2020,9-Nov,0,0,1,2
N,Island,0,2020,10-Nov,1,1,1,2
N,Island,1,2021,6-May,0,0,1,3
N,Island,1,2021,14-May,1,1,1,3
N,Island,1,2021,22-Jul,1,7,1,2
N,Island,1,2021,27-Jul,1,1,1,2
NY,Mainland,-3,2003,16-Jul,1,2,1,4
NY,Mainland,-3,2003,17-Jul,1,2,1,4
NY,Mainland,-3,2003,9-Jun,0,0,1,7
NY,Mainland,-3,2003,10-Jun,0,0,2,14
NY,Mainland,-3,2003,11-Jun,0,0,1,7
NY,Mainland,-3,2003,16-Jun,0,0,1,7
NY,Mainland,-3,2003,17-Jun,0,0,1,7
NY,Mainland,-3,2003,23-Jun,1,14,1,7
NY,Mainland,-3,2003,9-Jul,1,4,1,7
NY,Mainland,-3,2003,28-Jul,1,6,2,8
NY,Mainland,-3,2003,29-Jul,0,0,1,4
NY,Mainland,-2,2004,2-Jun,0,0,1,3
NY,Mainland,-2,2004,3-Jun,0,0,1,3
NY,Mainland,-2,2004,10-Jun,0,0,1,3
NY,Mainland,-2,2004,14-Jun,1,2,1,8
NY,Mainland,-2,2004,15-Jun,1,1,1,8
NY,Mainland,-2,2004,17-Jun,0,0,1,3
NY,Mainland,-2,2004,28-Jun,0,0,1,8
NY,Mainland,-2,2004,29-Jun,0,0,1,8
NY,Mainland,-2,2004,6-Jul,1,16,2,16
NY,Mainland,-2,2004,8-Jul,1,4,2,16
NY,Mainland,-2,2004,9-Jul,0,0,1,3
NY,Mainland,-2,2004,10-Jul,0,0,1,3
NY,Mainland,-2,2004,11-Jul,1,1,1,3
NY,Mainland,-2,2004,7-Aug,0,0,1,3
NY,Mainland,-2,2004,8-Aug,0,2,1,3
NY,Mainland,-2,2004,9-Aug,1,16,2,8
NY,Mainland,-2,2004,22-Aug,1,2,1,3
NY,Mainland,-2,2004,23-Aug,1,1,1,3
NY,Mainland,-2,2004,24-Aug,0,0,1,3
NY,Mainland,-2,2004,25-Aug,1,2,1,3
NY,Mainland,-2,2004,26-Aug,1,8,1,3
NY,Mainland,-1,2005,10-Jun,1,2,1,4
NY,Mainland,-1,2005,11-Jun,1,1,1,4
NY,Mainland,-1,2005,12-Jun,1,2,1,4
NY,Mainland,-1,2005,13-Jun,1,5,2,6
NY,Mainland,-1,2005,14-Jun,1,2,2,7
NY,Mainland,-1,2005,15-Jun,0,0,1,5
NY,Mainland,-1,2005,21-Jun,1,11,1,4
NY,Mainland,-1,2005,22-Jun,1,4,1,4
NY,Mainland,-1,2005,23-Jun,1,2,1,4
NY,Mainland,-1,2005,24-Jun,0,0,1,4
NY,Mainland,-1,2005,25-Jun,0,0,1,4
NY,Mainland,-1,2005,26-Jun,0,0,1,2
NY,Mainland,-1,2005,27-Jun,1,1,1,2
NY,Mainland,-1,2005,28-Jun,0,0,1,4
NY,Mainland,-1,2005,1-Jul,1,2,1,2
NY,Mainland,-1,2005,2-Jul,0,0,1,2
NY,Mainland,-1,2005,3-Jul,1,1,1,2
NY,Mainland,-1,2005,4-Jul,0,0,1,2
NY,Mainland,-1,2005,5-Jul,0,0,1,2
NY,Mainland,-1,2005,6-Jul,0,0,1,2
NY,Mainland,-1,2005,7-Jul,1,1,1,2
NY,Mainland,-1,2005,12-Jul,0,0,1,4
NY,Mainland,-1,2005,13-Jul,1,1,1,4
NY,Mainland,-1,2005,14-Jul,0,0,2,6
NY,Mainland,-1,2005,15-Jul,1,2,2,6
NY,Mainland,-1,2005,16-Jul,1,3,2,6
NY,Mainland,-1,2005,17-Jul,1,1,2,6
NY,Mainland,-1,2005,19-Jul,0,0,1,4
NY,Mainland,-1,2005,20-Jul,0,0,1,4
NY,Mainland,-1,2005,21-Jul,0,0,2,6
NY,Mainland,-1,2005,22-Jul,1,1,2,6
NY,Mainland,-1,2005,23-Jul,1,1,2,6
NY,Mainland,-1,2005,24-Jul,0,0,2,6
NY,Mainland,-1,2005,25-Jul,1,1,2,15
NY,Mainland,-1,2005,26-Jul,1,1,2,10
NY,Mainland,-1,2005,27-Jul,1,2,2,6
NY,Mainland,-1,2005,28-Jul,1,10,3,15
NY,Mainland,-1,2005,29-Jul,1,2,1,8
NY,Mainland,-1,2005,30-Jul,0,0,1,8
NY,Mainland,-1,2005,31-Jul,0,0,1,8
NY,Mainland,-1,2005,1-Aug,1,5,1,12
NY,Mainland,-1,2005,2-Aug,1,10,2,21
NY,Mainland,-1,2005,3-Aug,1,5,2,21
NY,Mainland,-1,2005,4-Aug,1,11,3,19
NY,Mainland,-1,2005,5-Aug,1,3,1,8
NY,Mainland,-1,2005,6-Aug,1,2,1,12
NY,Mainland,-1,2005,7-Aug,1,1,2,21
NY,Mainland,-1,2005,8-Aug,1,1,1,16
NY,Mainland,-1,2005,9-Aug,1,7,2,16
NY,Mainland,-1,2005,10-Aug,1,4,2,12
NY,Mainland,-1,2005,11-Aug,1,2,2,20
NY,Mainland,-1,2005,12-Aug,1,2,1,12
NY,Mainland,-1,2005,13-Aug,1,5,1,20
NY,Mainland,-1,2005,14-Aug,0,0,1,8
NY,Mainland,-1,2005,15-Aug,1,3,2,13
NY,Mainland,0,2006,15-May,1,1,1,3
NY,Mainland,0,2006,16-May,0,0,1,3
NY,Mainland,0,2006,17-May,0,0,1,3
NY,Mainland,0,2006,25-May,1,1,1,2
NY,Mainland,0,2006,26-May,0,0,1,2
NY,Mainland,0,2006,27-May,0,0,1,2
NY,Mainland,0,2006,6-Jun,1,7,3,11
NY,Mainland,0,2006,7-Jun,0,0,2,7
NY,Mainland,0,2006,8-Jun,1,9,3,11
NY,Mainland,0,2006,9-Jun,0,0,1,3
NY,Mainland,0,2006,10-Jun,0,0,1,6
NY,Mainland,0,2006,11-Jun,1,1,3,15
NY,Mainland,0,2006,12-Jun,1,2,2,11
NY,Mainland,0,2006,13-Jun,0,0,1,4
NY,Mainland,0,2006,14-Jun,0,0,1,4
NY,Mainland,0,2006,15-Jun,0,0,1,6
NY,Mainland,0,2006,16-Jun,0,0,1,6
NY,Mainland,0,2006,17-Jun,0,0,2,8
NY,Mainland,0,2006,18-Jun,1,4,3,11
NY,Mainland,0,2006,19-Jun,0,0,1,3
NY,Mainland,0,2006,20-Jun,0,0,1,3
NY,Mainland,0,2006,21-Jun,0,0,1,5
NY,Mainland,0,2006,22-Jun,1,1,1,5
NY,Mainland,0,2006,6-Jul,0,0,1,2
NY,Mainland,0,2006,7-Jul,1,1,2,8
NY,Mainland,0,2006,8-Jul,1,1,2,8
NY,Mainland,0,2006,9-Jul,0,0,2,4
NY,Mainland,0,2006,10-Jul,0,0,2,4
NY,Mainland,0,2006,11-Jul,0,0,2,6
NY,Mainland,0,2006,12-Jul,0,0,1,4
NY,Mainland,0,2006,13-Jul,0,0,1,2
NY,Mainland,0,2006,14-Jul,0,0,1,2
NY,Mainland,0,2006,8-Aug,0,0,3,8
NY,Mainland,0,2006,9-Aug,1,2,3,8
NY,Mainland,0,2006,10-Aug,0,0,1,3
NY,Mainland,0,2006,12-Aug,0,0,2,5
NY,Mainland,0,2006,13-Aug,0,0,2,5
NY,Mainland,0,2006,14-Aug,0,0,1,2
NY,Mainland,0,2006,15-Aug,1,2,2,5
NY,Mainland,1,2007,2-Jun,0,0,1,2
NY,Mainland,1,2007,4-Jun,0,0,2,4
NY,Mainland,1,2007,6-Jun,0,0,1,1
NY,Mainland,1,2007,9-Jun,1,5,1,2
NY,Mainland,1,2007,10-Jun,1,2,1,2
NY,Mainland,1,2007,11-Jun,0,0,1,2
NY,Mainland,1,2007,13-Jun,0,0,2,5
NY,Mainland,1,2007,14-Jun,1,1,2,5
NY,Mainland,1,2007,15-Jun,0,0,1,4
NY,Mainland,1,2007,17-Jun,0,0,2,7
NY,Mainland,1,2007,18-Jun,1,5,2,6
NY,Mainland,1,2007,20-Jun,1,7,1,4
NY,Mainland,1,2007,21-Jun,1,4,1,4
NY,Mainland,1,2007,22-Jun,1,1,2,7
NY,Mainland,1,2007,23-Jun,1,1,1,4
NY,Mainland,1,2007,24-Jun,1,2,1,6
NY,Mainland,1,2007,25-Jun,1,1,2,5
NY,Mainland,1,2007,26-Jun,1,13,2,8
NY,Mainland,1,2007,27-Jun,1,8,1,9
NY,Mainland,1,2007,28-Jun,1,3,2,7
NY,Mainland,1,2007,29-Jun,0,0,1,4
NY,Mainland,1,2007,1-Jul,1,4,2,6
NY,Mainland,1,2007,2-Jul,1,15,2,8
NY,Mainland,1,2007,3-Jul,0,0,1,2
NY,Mainland,1,2007,4-Jul,1,2,1,2
NY,Mainland,1,2007,5-Jul,1,3,2,4
NY,Mainland,1,2007,6-Jul,1,3,2,8
NY,Mainland,1,2007,7-Jul,1,3,2,7
NY,Mainland,1,2007,8-Jul,0,0,3,11
NY,Mainland,1,2007,9-Jul,1,3,3,14
NY,Mainland,1,2007,10-Jul,1,16,4,19
NY,Mainland,1,2007,11-Jul,1,12,4,25
NY,Mainland,1,2007,12-Jul,1,13,4,20
NY,Mainland,1,2007,13-Jul,1,7,3,14
NY,Mainland,1,2007,14-Jul,1,3,2,8
NY,Mainland,1,2007,15-Jul,1,6,2,11
NY,Mainland,1,2007,16-Jul,1,6,2,12
NY,Mainland,1,2007,17-Jul,1,5,2,9
NY,Mainland,1,2007,18-Jul,1,10,3,11
NY,Mainland,1,2007,19-Jul,1,8,3,11
NY,Mainland,1,2007,20-Jul,1,5,1,10
NY,Mainland,1,2007,21-Jul,1,1,2,3
NY,Mainland,1,2007,22-Jul,1,5,2,11
NY,Mainland,1,2007,23-Jul,1,4,1,10
NY,Mainland,1,2007,24-Jul,1,23,4,33
NY,Mainland,1,2007,25-Jul,1,15,3,25
NY,Mainland,1,2007,26-Jul,1,31,3,29
NY,Mainland,1,2007,27-Jul,1,17,3,20
NY,Mainland,1,2007,28-Jul,1,8,3,21
NY,Mainland,1,2007,29-Jul,1,19,4,31
NY,Mainland,1,2007,30-Jul,1,6,4,22
NY,Mainland,1,2007,31-Jul,1,12,3,17
NY,Mainland,1,2007,1-Aug,1,4,3,18
NY,Mainland,1,2007,2-Aug,1,16,3,18
NY,Mainland,1,2007,3-Aug,1,5,3,15
NY,Mainland,1,2007,4-Aug,1,1,1,8
NY,Mainland,1,2007,5-Aug,1,7,1,8
NY,Mainland,1,2007,6-Aug,1,3,2,10
NY,Mainland,1,2007,7-Aug,1,13,3,21
NY,Mainland,1,2007,8-Aug,1,9,3,21
NY,Mainland,1,2007,9-Aug,1,2,2,8
NY,Mainland,1,2007,10-Aug,1,6,2,6
NY,Mainland,1,2007,11-Aug,1,1,2,3
NY,Mainland,1,2007,12-Aug,1,1,1,2
NY,Mainland,1,2007,13-Aug,1,1,2,3
NY,Mainland,1,2007,14-Aug,1,1,1,2
NY,Mainland,1,2007,15-Aug,1,1,1,2
NY,Mainland,1,2007,12-Sep,0,0,1,1
NY,Mainland,1,2007,20-Sep,0,0,1,2
NY,Mainland,2,2008,1-Jun,1,3,1,4
NY,Mainland,2,2008,2-Jun,1,3,2,11
NY,Mainland,2,2008,3-Jun,1,5,2,12
NY,Mainland,2,2008,4-Jun,1,4,1,7
NY,Mainland,2,2008,5-Jun,1,1,2,8
NY,Mainland,2,2008,6-Jun,1,2,1,6
NY,Mainland,2,2008,7-Jun,0,0,1,3
NY,Mainland,2,2008,9-Jun,0,0,1,3
NY,Mainland,2,2008,10-Jun,1,1,1,2
NY,Mainland,2,2008,11-Jun,1,2,1,2
NY,Mainland,2,2008,12-Jun,1,4,1,6
NY,Mainland,2,2008,13-Jun,1,7,2,10
NY,Mainland,2,2008,14-Jun,1,2,2,12
NY,Mainland,2,2008,15-Jun,0,0,1,8
NY,Mainland,2,2008,16-Jun,1,1,2,15
NY,Mainland,2,2008,17-Jun,1,1,2,16
NY,Mainland,2,2008,18-Jun,1,3,2,13
NY,Mainland,2,2008,19-Jun,1,1,3,19
NY,Mainland,2,2008,20-Jun,1,8,3,19
NY,Mainland,2,2008,21-Jun,1,3,3,19
NY,Mainland,2,2008,22-Jun,1,1,1,4
NY,Mainland,2,2008,23-Jun,0,0,1,2
NY,Mainland,2,2008,24-Jun,0,0,1,2
NY,Mainland,2,2008,25-Jun,0,0,1,2
NY,Mainland,2,2008,27-Jun,1,1,2,4
NY,Mainland,2,2008,28-Jun,0,0,1,2
NY,Mainland,2,2008,29-Jun,0,0,1,3
NY,Mainland,2,2008,30-Jun,1,2,1,7
NY,Mainland,2,2008,1-Jul,0,0,1,8
NY,Mainland,2,2008,2-Jul,1,4,1,6
NY,Mainland,2,2008,3-Jul,1,3,1,4
NY,Mainland,2,2008,4-Jul,1,2,1,7
NY,Mainland,2,2008,5-Jul,1,2,1,7
NY,Mainland,2,2008,6-Jul,1,6,1,7
NY,Mainland,2,2008,7-Jul,0,0,1,7
NY,Mainland,2,2008,8-Jul,1,1,1,7
NY,Mainland,2,2008,9-Jul,1,1,1,6
NY,Mainland,2,2008,10-Jul,1,5,2,19
NY,Mainland,2,2008,11-Jul,1,6,2,20
NY,Mainland,2,2008,12-Jul,0,0,1,8
NY,Mainland,2,2008,13-Jul,1,1,1,7
NY,Mainland,2,2008,14-Jul,1,4,2,24
NY,Mainland,2,2008,15-Jul,1,2,2,24
NY,Mainland,2,2008,16-Jul,0,0,1,5
NY,Mainland,2,2008,17-Jul,1,2,1,7
NY,Mainland,2,2008,18-Jul,1,2,1,7
NY,Mainland,2,2008,19-Jul,1,1,1,6
NY,Mainland,2,2008,20-Jul,0,0,1,7
NY,Mainland,2,2008,21-Jul,0,0,3,17
NY,Mainland,2,2008,22-Jul,1,3,3,17
NY,Mainland,2,2008,23-Jul,1,1,2,5
NY,Mainland,2,2008,24-Jul,1,10,3,18
NY,Mainland,2,2008,25-Jul,1,4,2,16
NY,Mainland,2,2008,28-Jul,1,4,1,10
NY,Mainland,2,2008,29-Jul,1,9,3,27
NY,Mainland,2,2008,30-Jul,1,4,2,21
NY,Mainland,2,2008,31-Jul,1,5,3,19
NY,Mainland,2,2008,1-Aug,1,3,2,14
NY,Mainland,2,2008,2-Aug,0,0,1,4
NY,Mainland,2,2008,4-Aug,1,4,1,19
NY,Mainland,2,2008,5-Aug,1,2,1,19
NY,Mainland,2,2008,6-Aug,1,2,1,6
NY,Mainland,2,2008,7-Aug,1,1,1,6
NY,Mainland,2,2008,8-Aug,1,4,2,14
NY,Mainland,2,2008,9-Aug,0,0,1,2
NY,Mainland,2,2008,11-Aug,1,2,1,10
NY,Mainland,3,2009,12-May,1,1,1,2
NY,Mainland,3,2009,13-May,1,3,1,2
NY,Mainland,3,2009,14-May,1,2,1,3
NY,Mainland,3,2009,19-May,0,0,1,1
NY,Mainland,3,2009,20-May,1,1,1,2
NY,Mainland,3,2009,21-May,1,2,1,2
NY,Mainland,3,2009,22-May,1,1,1,1
NY,Mainland,3,2009,24-May,1,1,1,2
NY,Mainland,3,2009,26-May,0,0,1,1
NY,Mainland,3,2009,2-Jun,1,3,2,3
NY,Mainland,3,2009,3-Jun,1,1,1,4
NY,Mainland,3,2009,4-Jun,1,2,1,2
NY,Mainland,3,2009,6-Jun,1,1,2,3
NY,Mainland,3,2009,10-Jun,0,0,1,1
NY,Mainland,3,2009,22-Jun,0,0,1,6
NY,Mainland,3,2009,23-Jun,0,0,1,6
NY,Mainland,3,2009,24-Jun,1,1,1,6
NY,Mainland,3,2009,25-Jun,0,0,3,7
NY,Mainland,3,2009,26-Jun,0,0,1,4
NY,Mainland,3,2009,28-Jun,0,0,1,4
NY,Mainland,3,2009,29-Jun,0,0,1,4
NY,Mainland,3,2009,30-Jun,0,0,1,2
NY,Mainland,3,2009,1-Jul,0,0,1,2
NY,Mainland,3,2009,2-Jul,0,0,1,2
NY,Mainland,3,2009,3-Jul,0,0,1,4
NY,Mainland,3,2009,4-Jul,0,0,1,4
NY,Mainland,3,2009,6-Jul,0,0,1,2
NY,Mainland,3,2009,7-Jul,1,1,1,1
NY,Mainland,3,2009,8-Jul,1,2,1,4
NY,Mainland,3,2009,9-Jul,1,1,1,1
NY,Mainland,3,2009,12-Jul,1,1,1,1
NY,Mainland,3,2009,13-Jul,0,0,1,2
NY,Mainland,3,2009,15-Jul,0,0,2,3
NY,Mainland,3,2009,16-Jul,0,0,1,6
NY,Mainland,3,2009,17-Jul,0,0,1,6
NY,Mainland,3,2009,18-Jul,0,0,1,6
NY,Mainland,3,2009,19-Jul,0,0,1,4
NY,Mainland,3,2009,20-Jul,0,0,2,16
NY,Mainland,3,2009,21-Jul,0,0,1,12
NY,Mainland,3,2009,22-Jul,0,0,1,2
NY,Mainland,3,2009,23-Jul,0,0,1,2
NY,Mainland,3,2009,24-Jul,0,0,1,4
NY,Mainland,3,2009,25-Jul,0,0,1,4
NY,Mainland,3,2009,27-Jul,1,5,3,13
NY,Mainland,3,2009,28-Jul,0,1,3,16
NY,Mainland,3,2009,29-Jul,0,0,1,6
NY,Mainland,3,2009,30-Jul,0,0,2,5
NY,Mainland,3,2009,31-Jul,1,3,3,11
NY,Mainland,3,2009,1-Aug,0,0,1,6
NY,Mainland,3,2009,2-Aug,1,2,2,8
NY,Mainland,3,2009,3-Aug,1,1,2,10
NY,Mainland,3,2009,4-Aug,0,0,1,4
NY,Mainland,3,2009,5-Aug,0,0,1,6
NY,Mainland,3,2009,6-Aug,1,1,2,10
NY,Mainland,3,2009,7-Aug,0,0,2,10
NY,Mainland,3,2009,8-Aug,0,0,2,11
NY,Mainland,3,2009,9-Aug,0,0,3,12
NY,Mainland,3,2009,10-Aug,1,1,1,12
NY,Mainland,3,2009,11-Aug,1,1,2,16
NY,Mainland,3,2009,12-Aug,1,3,2,10
NY,Mainland,3,2009,13-Aug,0,0,1,8
NY,Mainland,3,2009,14-Aug,1,1,2,5
NY,Mainland,3,2009,15-Aug,0,0,1,4
NY,Mainland,3,2009,16-Aug,1,3,1,2
NY,Mainland,3,2009,7-Sep,0,0,1,1
NY,Mainland,3,2009,11-Sep,0,0,1,1
NY,Mainland,3,2009,15-Sep,1,1,1,1
NY,Mainland,3,2009,22-Sep,1,1,1,2
NY,Mainland,4,2010,1-Jun,0,0,2,6
NY,Mainland,4,2010,2-Jun,0,0,1,2
NY,Mainland,4,2010,3-Jun,0,0,2,6
NY,Mainland,4,2010,4-Jun,0,0,3,10
NY,Mainland,4,2010,6-Jun,0,0,1,4
NY,Mainland,4,2010,7-Jun,0,0,2,7
NY,Mainland,4,2010,8-Jun,0,0,1,4
NY,Mainland,4,2010,10-Jun,0,0,1,4
NY,Mainland,4,2010,11-Jun,0,0,1,4
NY,Mainland,4,2010,13-Jun,0,0,1,4
NY,Mainland,4,2010,14-Jun,0,0,1,4
NY,Mainland,4,2010,15-Jun,0,0,2,12
NY,Mainland,4,2010,16-Jun,0,0,1,8
NY,Mainland,4,2010,17-Jun,0,0,1,13
NY,Mainland,4,2010,18-Jun,0,0,1,8
NY,Mainland,4,2010,19-Jun,0,0,1,8
NY,Mainland,4,2010,20-Jun,0,0,1,8
NY,Mainland,4,2010,21-Jun,0,0,1,10
NY,Mainland,4,2010,22-Jun,0,0,1,8
NY,Mainland,4,2010,23-Jun,0,0,1,8
NY,Mainland,4,2010,24-Jun,0,0,1,10
NY,Mainland,4,2010,25-Jun,0,0,1,8
NY,Mainland,4,2010,26-Jun,0,0,1,8
NY,Mainland,4,2010,27-Jun,0,0,1,8
NY,Mainland,4,2010,28-Jun,0,0,1,8
NY,Mainland,4,2010,29-Jun,0,0,1,10
NY,Mainland,4,2010,30-Jun,0,0,1,8
NY,Mainland,4,2010,6-Jul,0,0,1,2
NY,Mainland,4,2010,7-Jul,0,0,1,2
NY,Mainland,4,2010,8-Jul,0,0,1,2
NY,Mainland,4,2010,10-Jul,0,0,1,4
NY,Mainland,4,2010,11-Jul,0,0,1,4
NY,Mainland,4,2010,12-Jul,0,0,1,4
NY,Mainland,4,2010,13-Jul,0,0,2,10
NY,Mainland,4,2010,14-Jul,0,0,2,15
NY,Mainland,4,2010,15-Jul,1,1,2,15
NY,Mainland,4,2010,16-Jul,0,0,1,8
NY,Mainland,4,2010,17-Jul,0,0,1,5
NY,Mainland,4,2010,18-Jul,0,0,1,6
NY,Mainland,4,2010,19-Jul,0,0,1,3
NY,Mainland,4,2010,20-Jul,0,0,2,5
NY,Mainland,4,2010,21-Jul,1,1,2,8
NY,Mainland,4,2010,22-Jul,0,0,2,8
NY,Mainland,4,2010,23-Jul,1,1,2,5
NY,Mainland,4,2010,24-Jul,0,0,2,6
NY,Mainland,4,2010,25-Jul,1,1,2,8
NY,Mainland,4,2010,26-Jul,0,0,2,9
NY,Mainland,4,2010,27-Jul,1,1,2,8
NY,Mainland,4,2010,28-Jul,0,0,1,2
NY,Mainland,4,2010,29-Jul,1,1,2,13
NY,Mainland,4,2010,30-Jul,0,0,1,12
NY,Mainland,4,2010,31-Jul,0,0,1,8
NY,Mainland,4,2010,1-Aug,0,0,1,8
NY,Mainland,4,2010,2-Aug,1,1,2,13
NY,Mainland,4,2010,3-Aug,0,0,3,25
NY,Mainland,4,2010,4-Aug,0,0,2,18
NY,Mainland,4,2010,5-Aug,1,1,2,21
NY,Mainland,4,2010,6-Aug,0,0,1,11
NY,Mainland,4,2010,7-Aug,0,0,1,13
NY,Mainland,4,2010,8-Aug,0,0,1,13
NY,Mainland,4,2010,9-Aug,0,0,1,16
NY,Mainland,4,2010,10-Aug,0,0,2,23
NY,Mainland,4,2010,11-Aug,0,0,2,27
NY,Mainland,4,2010,12-Aug,0,0,2,25
NY,Mainland,4,2010,13-Aug,0,0,1,11
NY,Mainland,4,2010,14-Aug,0,0,1,10
NY,Mainland,5,2011,9-Jun,0,0,1,6
NY,Mainland,5,2011,10-Jun,0,0,1,6
NY,Mainland,5,2011,15-Jun,0,0,1,2
NY,Mainland,5,2011,16-Jun,0,0,1,4
NY,Mainland,5,2011,17-Jun,0,0,1,4
NY,Mainland,5,2011,18-Jun,0,0,1,4
NY,Mainland,5,2011,19-Jun,0,0,1,4
NY,Mainland,5,2011,20-Jun,0,0,1,6
NY,Mainland,5,2011,21-Jun,0,0,1,6
NY,Mainland,5,2011,22-Jun,0,0,1,6
NY,Mainland,5,2011,23-Jun,0,0,1,6
NY,Mainland,5,2011,24-Jun,0,0,1,6
NY,Mainland,5,2011,25-Jun,0,0,1,6
NY,Mainland,5,2011,26-Jun,0,0,1,7
NY,Mainland,5,2011,27-Jun,0,0,2,12
NY,Mainland,5,2011,28-Jun,0,0,2,13
NY,Mainland,5,2011,29-Jun,0,0,1,5
NY,Mainland,5,2011,30-Jun,0,0,1,6
NY,Mainland,5,2011,1-Jul,0,0,1,6
NY,Mainland,5,2011,2-Jul,0,0,1,7
NY,Mainland,5,2011,3-Jul,0,0,1,7
NY,Mainland,5,2011,4-Jul,0,0,1,4
NY,Mainland,5,2011,5-Jul,0,0,1,6
NY,Mainland,5,2011,6-Jul,0,0,1,7
NY,Mainland,5,2011,7-Jul,0,0,1,8
NY,Mainland,5,2011,8-Jul,0,0,1,7
NY,Mainland,5,2011,9-Jul,0,0,1,5
NY,Mainland,5,2011,10-Jul,0,0,1,5
NY,Mainland,5,2011,13-Jul,1,3,1,3
NY,Mainland,5,2011,14-Jul,1,3,1,3
NY,Mainland,5,2011,15-Jul,1,1,2,3
NY,Mainland,5,2011,16-Jul,0,0,4,8
NY,Mainland,5,2011,17-Jul,1,2,2,6
NY,Mainland,5,2011,18-Jul,0,0,3,7
NY,Mainland,5,2011,19-Jul,1,4,2,7
NY,Mainland,5,2011,20-Jul,1,4,2,10
NY,Mainland,5,2011,21-Jul,1,3,2,9
NY,Mainland,5,2011,22-Jul,0,0,2,9
NY,Mainland,5,2011,23-Jul,0,0,1,6
NY,Mainland,5,2011,24-Jul,0,0,1,7
NY,Mainland,5,2011,25-Jul,0,0,2,12
NY,Mainland,5,2011,26-Jul,0,0,2,11
NY,Mainland,5,2011,27-Jul,0,0,2,11
NY,Mainland,5,2011,28-Jul,0,0,2,11
NY,Mainland,5,2011,29-Jul,0,0,2,13
NY,Mainland,5,2011,30-Jul,0,0,2,14
NY,Mainland,5,2011,31-Jul,0,0,1,2
NY,Mainland,5,2011,1-Aug,0,0,1,5
NY,Mainland,5,2011,2-Aug,0,0,2,9
NY,Mainland,5,2011,3-Aug,1,2,3,11
NY,Mainland,5,2011,4-Aug,1,2,2,8
NY,Mainland,5,2011,5-Aug,0,0,2,9
NY,Mainland,5,2011,6-Aug,0,0,1,2
NY,Mainland,5,2011,7-Aug,0,0,2,9
NY,Mainland,5,2011,8-Aug,0,0,2,9
NY,Mainland,5,2011,9-Aug,0,0,2,9
NY,Mainland,5,2011,10-Aug,0,0,3,8
NY,Mainland,5,2011,11-Aug,0,0,2,5
NY,Mainland,5,2011,12-Aug,0,0,2,4
NY,Mainland,5,2011,14-Aug,0,0,1,1
NY,Mainland,5,2011,15-Aug,0,0,1,1
NY,Mainland,5,2011,16-Aug,0,0,1,2
NY,Mainland,5,2011,17-Aug,0,0,1,1
NY,Mainland,5,2011,18-Aug,0,0,1,2
NY,Mainland,5,2011,19-Aug,0,0,1,2
NY,Mainland,5,2011,22-Aug,0,0,1,3
NY,Mainland,5,2011,23-Aug,1,4,2,4
NY,Mainland,5,2011,24-Aug,0,0,1,1
NY,Mainland,5,2011,25-Aug,1,10,3,6
NY,Mainland,5,2011,26-Aug,0,0,1,2
NY,Mainland,5,2011,27-Aug,1,3,2,5
NY,Mainland,5,2011,28-Aug,0,0,1,1
NY,Mainland,5,2011,29-Aug,1,1,1,3
NY,Mainland,5,2011,30-Aug,1,1,1,1
NY,Mainland,5,2011,31-Aug,0,0,3,4
NY,Mainland,5,2011,1-Sep,1,2,2,5
NY,Mainland,5,2011,2-Sep,0,0,1,3
NY,Mainland,6,2012,16-Apr,0,0,1,3
NY,Mainland,6,2012,17-Apr,0,0,1,3
NY,Mainland,6,2012,18-Apr,0,0,1,3
NY,Mainland,6,2012,19-Apr,0,0,1,3
NY,Mainland,6,2012,20-Apr,0,0,1,3
NY,Mainland,6,2012,22-Apr,0,0,1,3
NY,Mainland,6,2012,23-Apr,0,0,1,3
NY,Mainland,6,2012,24-Apr,0,0,1,3
NY,Mainland,6,2012,25-Apr,0,0,1,3
NY,Mainland,6,2012,26-Apr,0,0,1,3
NY,Mainland,6,2012,27-Apr,0,0,1,3
NY,Mainland,6,2012,29-Apr,0,0,1,3
NY,Mainland,6,2012,30-Apr,0,0,1,3
NY,Mainland,6,2012,1-May,0,0,1,3
NY,Mainland,6,2012,2-May,0,0,1,3
NY,Mainland,6,2012,3-May,0,0,1,3
NY,Mainland,6,2012,4-May,0,0,1,3
NY,Mainland,6,2012,6-May,0,0,1,3
NY,Mainland,6,2012,7-May,0,0,1,3
NY,Mainland,6,2012,8-May,0,0,1,3
NY,Mainland,6,2012,9-May,0,0,1,3
NY,Mainland,6,2012,10-May,0,0,1,3
NY,Mainland,6,2012,11-May,0,0,1,3
NY,Mainland,6,2012,13-May,0,0,1,3
NY,Mainland,6,2012,14-May,0,0,1,3
NY,Mainland,6,2012,15-May,0,0,1,3
NY,Mainland,6,2012,16-May,0,0,1,3
NY,Mainland,6,2012,17-May,0,0,1,3
NY,Mainland,6,2012,18-May,0,0,1,3
NY,Mainland,6,2012,20-May,0,0,1,3
NY,Mainland,6,2012,21-May,0,0,1,3
NY,Mainland,6,2012,22-May,0,0,1,3
NY,Mainland,6,2012,23-May,0,0,1,3
NY,Mainland,6,2012,24-May,0,0,1,3
NY,Mainland,6,2012,25-May,0,0,2,9
NY,Mainland,6,2012,26-May,0,0,1,6
NY,Mainland,6,2012,27-May,0,0,2,9
NY,Mainland,6,2012,28-May,0,0,2,9
NY,Mainland,6,2012,29-May,0,0,2,8
NY,Mainland,6,2012,30-May,0,0,2,10
NY,Mainland,6,2012,31-May,0,0,3,6
NY,Mainland,6,2012,1-Jun,0,0,1,6
NY,Mainland,6,2012,2-Jun,0,0,1,6
NY,Mainland,6,2012,3-Jun,0,0,1,8
NY,Mainland,6,2012,4-Jun,0,0,1,8
NY,Mainland,6,2012,5-Jun,0,0,1,6
NY,Mainland,6,2012,6-Jun,0,0,1,6
NY,Mainland,6,2012,7-Jun,0,0,1,6
NY,Mainland,6,2012,8-Jun,1,1,1,6
NY,Mainland,6,2012,9-Jun,0,0,1,6
NY,Mainland,6,2012,10-Jun,0,0,1,6
NY,Mainland,6,2012,11-Jun,1,1,1,8
NY,Mainland,6,2012,12-Jun,0,0,1,8
NY,Mainland,6,2012,13-Jun,1,1,2,8
NY,Mainland,6,2012,14-Jun,0,0,2,6
NY,Mainland,6,2012,20-Jun,0,0,1,2
NY,Mainland,6,2012,21-Jun,0,0,1,2
NY,Mainland,6,2012,26-Jun,0,0,1,4
NY,Mainland,6,2012,27-Jun,0,0,2,13
NY,Mainland,6,2012,28-Jun,0,0,1,4
NY,Mainland,6,2012,11-Jul,0,0,1,9
NY,Mainland,6,2012,12-Jul,0,0,1,1
NY,Mainland,6,2012,16-Jul,0,0,1,6
NY,Mainland,6,2012,24-Jul,0,0,1,8
NY,Mainland,6,2012,25-Jul,0,0,1,8
NY,Mainland,6,2012,30-Jul,0,0,1,2
NY,Mainland,6,2012,31-Jul,0,0,1,2
NY,Mainland,6,2012,1-Aug,0,0,2,5
NY,Mainland,6,2012,2-Aug,0,0,2,5
NY,Mainland,6,2012,6-Aug,0,0,1,4
NY,Mainland,6,2012,7-Aug,0,0,2,9
NY,Mainland,6,2012,8-Aug,0,0,2,6
NY,Mainland,6,2012,9-Aug,0,0,1,4
NY,Mainland,6,2012,12-Aug,0,0,1,4
NY,Mainland,6,2012,13-Aug,0,0,1,4
NY,Mainland,6,2012,14-Aug,0,0,1,4
NY,Mainland,6,2012,15-Aug,0,0,1,4
NY,Mainland,7,2013,19-Jun,0,0,1,2
NY,Mainland,7,2013,10-Jul,0,0,1,2
NY,Mainland,7,2013,16-Jul,1,1,1,3
NY,Mainland,8,2014,20-May,0,0,2,6
NY,Mainland,8,2014,21-May,0,0,2,6
NY,Mainland,8,2014,22-May,1,1,2,6
NY,Mainland,8,2014,24-May,0,0,2,6
NY,Mainland,8,2014,26-May,0,0,2,6
NY,Mainland,8,2014,27-May,0,0,2,6
NY,Mainland,8,2014,28-May,0,0,2,6
NY,Mainland,8,2014,30-May,0,0,1,6
NY,Mainland,8,2014,1-Jun,0,0,3,9
NY,Mainland,8,2014,2-Jun,0,0,2,9
NY,Mainland,8,2014,3-Jun,1,1,3,9
NY,Mainland,8,2014,4-Jun,0,0,3,9
NY,Mainland,8,2014,5-Jun,0,0,2,6
NY,Mainland,8,2014,7-Jun,0,0,3,9
NY,Mainland,8,2014,9-Jun,1,1,3,9
NY,Mainland,8,2014,10-Jun,0,0,3,9
NY,Mainland,8,2014,12-Jun,0,0,3,9
NY,Mainland,8,2014,13-Jun,1,1,3,9
NY,Mainland,8,2014,14-Jun,0,0,1,3
NY,Mainland,9,2015,15-Jun,0,0,1,5
NY,Mainland,9,2015,16-Jun,0,0,1,9
NY,Mainland,9,2015,17-Jun,0,0,1,7
NY,Mainland,9,2015,18-Jun,0,0,1,7
NY,Mainland,9,2015,19-Jun,0,0,1,9
NY,Mainland,9,2015,20-Jun,0,0,1,6
NY,Mainland,9,2015,21-Jun,0,0,1,6
NY,Mainland,9,2015,22-Jun,0,0,1,7
NY,Mainland,9,2015,23-Jun,0,0,1,8
NY,Mainland,9,2015,24-Jun,0,0,1,9
NY,Mainland,9,2015,25-Jun,0,0,1,10
NY,Mainland,9,2015,26-Jun,0,0,1,9
NY,Mainland,9,2015,28-Jun,0,0,1,11
NY,Mainland,9,2015,29-Jun,0,0,1,4
NY,Mainland,9,2015,29-Jun,0,0,1,11
NY,Mainland,9,2015,30-Jun,0,0,1,10
NY,Mainland,9,2015,1-Jul,0,0,1,9
NY,Mainland,9,2015,2-Jul,0,0,1,9
NY,Mainland,9,2015,3-Jul,0,0,1,9
NY,Mainland,9,2015,4-Jul,0,0,1,8
NY,Mainland,9,2015,5-Jul,0,0,1,8
NY,Mainland,9,2015,6-Jul,0,0,1,9
NY,Mainland,9,2015,8-Jul,0,0,1,8
NY,Mainland,9,2015,9-Jul,0,0,1,9
NY,Mainland,9,2015,10-Jul,0,0,1,8
NY,Mainland,9,2015,11-Jul,0,0,1,3
NY,Mainland,9,2015,12-Jul,0,0,1,3
NY,Mainland,9,2015,13-Jul,1,1,2,13
NY,Mainland,9,2015,14-Jul,1,1,1,9
NY,Mainland,9,2015,15-Jul,0,0,2,10
NY,Mainland,9,2015,16-Jul,0,0,2,13
NY,Mainland,9,2015,17-Jul,0,0,2,16
NY,Mainland,9,2015,18-Jul,0,0,3,18
NY,Mainland,9,2015,19-Jul,0,0,2,16
NY,Mainland,9,2015,20-Jul,0,0,3,23
NY,Mainland,9,2015,21-Jul,0,0,4,25
NY,Mainland,9,2015,22-Jul,0,0,4,22
NY,Mainland,9,2015,23-Jul,1,1,4,23
NY,Mainland,9,2015,24-Jul,0,0,4,23
NY,Mainland,9,2015,25-Jul,1,1,1,5
NY,Mainland,9,2015,26-Jul,0,0,3,14
NY,Mainland,9,2015,27-Jul,0,0,2,11
NY,Mainland,9,2015,28-Jul,0,0,3,13
NY,Mainland,9,2015,29-Jul,0,0,4,12
NY,Mainland,9,2015,30-Jul,0,0,2,8
NY,Mainland,9,2015,31-Jul,0,0,2,9
NY,Mainland,9,2015,1-Aug,0,0,2,22
NY,Mainland,9,2015,2-Aug,0,0,3,24
NY,Mainland,9,2015,3-Aug,0,0,3,22
NY,Mainland,9,2015,4-Aug,0,0,2,19
NY,Mainland,9,2015,5-Aug,0,0,4,25
NY,Mainland,9,2015,6-Aug,0,0,4,20
NY,Mainland,9,2015,7-Aug,0,0,4,19
NY,Mainland,9,2015,8-Aug,0,0,4,19
NY,Mainland,9,2015,9-Aug,1,1,5,21
NY,Mainland,9,2015,10-Aug,0,0,2,12
NY,Mainland,9,2015,11-Aug,0,0,4,16
NY,Mainland,9,2015,12-Aug,1,1,3,10
NY,Mainland,9,2015,13-Aug,0,0,2,8
NY,Mainland,9,2015,14-Aug,0,0,1,4
NY,Mainland,9,2015,15-Aug,0,0,1,4
NY,Mainland,9,2015,3-Sep,1,2,1,2
NY,Mainland,9,2015,24-Sep,0,0,1,2
NY,Mainland,10,2016,6-Jun,0,0,1,3
NY,Mainland,10,2016,7-Jun,0,0,1,3
NY,Mainland,10,2016,8-Jun,0,0,1,3
NY,Mainland,10,2016,14-Jun,0,0,1,4
NY,Mainland,10,2016,15-Jun,0,0,1,3
NY,Mainland,10,2016,28-Jun,0,0,1,4
NY,Mainland,10,2016,29-Jun,0,0,1,4
NY,Mainland,10,2016,27-Jul,0,0,3,10
NY,Mainland,10,2016,28-Jul,0,0,3,10
NY,Mainland,10,2016,29-Jul,0,0,3,10
NY,Mainland,10,2016,30-Jul,0,0,3,10
NY,Mainland,10,2016,1-Aug,0,0,5,15
NY,Mainland,10,2016,2-Aug,0,0,5,15
NY,Mainland,10,2016,3-Aug,0,0,5,15
NY,Mainland,10,2016,4-Aug,0,0,5,15
NY,Mainland,10,2016,5-Aug,0,0,4,12
NY,Mainland,10,2016,6-Aug,0,0,7,21
NY,Mainland,10,2016,7-Aug,0,0,8,24
NY,Mainland,10,2016,8-Aug,0,0,8,26
NY,Mainland,10,2016,9-Aug,0,0,9,30
NY,Mainland,10,2016,10-Aug,1,2,8,24
NY,Mainland,10,2016,11-Aug,0,0,10,30
NY,Mainland,10,2016,12-Aug,0,0,8,24
NY,Mainland,10,2016,13-Aug,0,0,7,21
NY,Mainland,10,2016,14-Aug,0,0,8,24
NY,Mainland,10,2016,15-Aug,0,0,5,15
NY,Mainland,11,2017,5-Jun,0,0,2,4
NY,Mainland,11,2017,6-Jun,1,1,2,4
NY,Mainland,11,2017,7-Jun,0,0,1,2
NY,Mainland,11,2017,8-Jun,0,0,2,4
NY,Mainland,11,2017,9-Jun,0,0,2,4
NY,Mainland,11,2017,10-Jun,0,0,2,4
NY,Mainland,11,2017,11-Jun,1,1,2,4
NY,Mainland,11,2017,12-Jun,0,0,2,4
NY,Mainland,11,2017,13-Jun,0,0,2,4
NY,Mainland,12,2018,12-Jul,0,0,1,14
NY,Mainland,12,2018,13-Jul,0,0,1,14
NY,Mainland,12,2018,14-Jul,0,0,1,9
NY,Mainland,12,2018,15-Jul,0,0,1,13
NY,Mainland,12,2018,17-Jul,1,1,1,12
NY,Mainland,12,2018,18-Jul,1,1,1,12
NY,Mainland,12,2018,19-Jul,0,0,1,12
NY,Mainland,12,2018,22-Jul,1,1,1,13
NY,Mainland,12,2018,26-Jul,0,0,1,10
NY,Mainland,12,2018,27-Jul,0,0,1,10
NY,Mainland,12,2018,28-Jul,0,0,1,8
NY,Mainland,12,2018,29-Jul,0,0,1,8
NY,Mainland,12,2018,31-Jul,1,1,1,10
NY,Mainland,12,2018,1-Aug,0,0,1,9
NY,Mainland,12,2018,2-Aug,1,3,1,15
NY,Mainland,12,2018,3-Aug,0,0,1,9
NY,Mainland,12,2018,4-Aug,1,1,1,14
NY,Mainland,12,2018,5-Aug,1,2,1,10
NY,Mainland,12,2018,6-Aug,0,0,1,4
NY,Mainland,12,2018,7-Aug,0,0,1,4
NY,Mainland,12,2018,8-Aug,0,0,1,5
NY,Mainland,12,2018,9-Aug,0,0,1,5
NY,Mainland,12,2018,10-Aug,0,0,1,4
NY,Mainland,12,2018,11-Aug,0,0,1,4
NY,Mainland,13,2019,6-Jun,0,0,1,3
NY,Mainland,13,2019,7-Jun,0,0,1,3
NY,Mainland,13,2019,8-Jun,0,0,1,3
NY,Mainland,13,2019,9-Jun,0,0,1,3
NY,Mainland,13,2019,10-Jun,0,0,1,4
NY,Mainland,13,2019,11-Jun,0,0,1,4
NY,Mainland,13,2019,12-Jun,0,0,1,3
NY,Mainland,13,2019,21-Jun,0,0,1,3
NY,Mainland,13,2019,22-Jun,0,0,1,3
NY,Mainland,13,2019,24-Jun,0,0,1,3
NY,Mainland,13,2019,30-Jun,0,0,1,2
NY,Mainland,13,2019,1-Jul,0,0,2,9
NY,Mainland,13,2019,2-Jul,0,0,2,11
NY,Mainland,13,2019,3-Jul,0,0,1,3
NY,Mainland,13,2019,7-Jul,0,0,1,2
NY,Mainland,13,2019,8-Jul,0,0,1,2
NY,Mainland,13,2019,9-Jul,0,0,1,3
NY,Mainland,13,2019,10-Jul,0,0,1,3
NY,Mainland,13,2019,13-Jul,0,0,1,3
NY,Mainland,13,2019,14-Jul,0,0,1,3
NY,Mainland,13,2019,16-Jul,0,0,1,3
NY,Mainland,13,2019,18-Jul,0,0,1,3
NY,Mainland,13,2019,19-Jul,0,0,1,3
NY,Mainland,13,2019,21-Jul,0,0,1,3
NY,Mainland,13,2019,23-Jul,0,0,1,3
NY,Mainland,13,2019,24-Jul,0,0,1,3
NY,Mainland,13,2019,29-Jul,0,0,1,2
NY,Mainland,13,2019,30-Jul,0,0,1,2
NY,Mainland,13,2019,1-Aug,0,0,1,2
NY,Mainland,13,2019,4-Aug,0,0,1,2
NY,Mainland,13,2019,5-Aug,0,0,1,2
NY,Mainland,13,2019,6-Aug,0,0,1,2
NY,Mainland,13,2019,8-Aug,0,0,1,3
NY,Mainland,13,2019,9-Aug,0,0,1,3
NY,Mainland,13,2019,10-Aug,0,0,1,3
NY,Mainland,13,2019,11-Aug,0,0,1,3
NY,Mainland,13,2019,12-Aug,0,0,1,3
NY,Mainland,15,2021,17-Jun,0,0,1,2
NY,Mainland,15,2021,18-Jun,1,1,1,7
NY,Mainland,15,2021,19-Jun,0,0,1,2
NY,Mainland,15,2021,20-Jun,0,0,1,8
NY,Mainland,15,2021,21-Jun,0,0,1,4
NY,Mainland,15,2021,23-Jun,0,0,1,6
NY,Mainland,15,2021,24-Jun,0,0,1,7
NY,Mainland,15,2021,25-Jun,0,0,1,8
NY,Mainland,15,2021,26-Jun,1,1,1,7
NY,Mainland,15,2021,18-Jul,0,0,1,6
NY,Mainland,15,2021,19-Jul,0,0,1,9
NY,Mainland,15,2021,21-Jul,0,0,1,9
NY,Mainland,15,2021,22-Jul,0,0,1,9
NY,Mainland,15,2021,23-Jul,0,0,1,6
NY,Mainland,15,2021,24-Jul,0,0,1,3
NY,Mainland,15,2021,25-Jul,0,0,1,3
NY,Mainland,15,2021,26-Jul,0,0,1,3
NY,Mainland,15,2021,27-Jul,0,0,1,3
NY,Mainland,15,2021,28-Jul,0,0,1,3
NY,Mainland,15,2021,29-Jul,0,0,1,6
NY,Mainland,15,2021,30-Jul,0,0,1,6
NY,Mainland,15,2021,31-Jul,0,0,1,6
NY,Mainland,15,2021,2-Aug,0,0,1,6
NY,Mainland,15,2021,3-Aug,0,0,1,9
NY,Mainland,15,2021,4-Aug,0,0,1,6
NY,Mainland,15,2021,5-Aug,0,0,1,3
NY,Mainland,15,2021,6-Aug,0,0,1,6
NY,Mainland,15,2021,7-Aug,0,0,1,6
NY,Mainland,15,2021,8-Aug,0,0,1,6
NY,Mainland,15,2021,9-Aug,0,0,1,6
NY,Mainland,15,2021,10-Aug,0,0,1,6
WI,Mainland,-3,2012,29-May,0,0,1,1
WI,Mainland,-3,2012,30-May,1,1,1,2
WI,Mainland,-3,2012,6-Jun,0,0,1,2
WI,Mainland,-3,2012,22-Jun,1,3,1,2
WI,Mainland,-3,2012,28-Jun,1,3,1,2
WI,Mainland,-3,2012,3-Jul,0,0,1,3
WI,Mainland,-3,2012,10-Jul,1,1,1,2
WI,Mainland,-3,2012,11-Jul,0,0,1,2
WI,Mainland,-3,2012,13-Jul,1,3,1,2
WI,Mainland,-3,2012,17-Jul,1,2,1,2
WI,Mainland,-3,2012,19-Jul,0,0,1,5
WI,Mainland,-3,2012,23-Jul,1,1,1,6
WI,Mainland,-3,2012,2-Aug,0,0,1,5
WI,Mainland,-3,2012,3-Aug,0,0,1,3
WI,Mainland,-3,2012,10-Aug,1,6,1,6
WI,Mainland,-3,2012,14-Aug,1,1,1,2
WI,Mainland,-3,2012,21-Aug,1,1,1,2
WI,Mainland,-3,2012,22-Aug,0,0,1,2
WI,Mainland,-3,2012,5-Sep,0,0,1,2
WI,Mainland,-2,2013,15-May,0,0,1,2
WI,Mainland,-2,2013,5-Jun,0,0,1,2
WI,Mainland,-2,2013,19-Jun,0,0,1,2
WI,Mainland,-2,2013,26-Jun,0,0,1,2
WI,Mainland,-2,2013,27-Jun,0,0,1,4
WI,Mainland,-2,2013,28-Jun,0,0,1,4
WI,Mainland,-2,2013,10-Jul,0,0,1,2
WI,Mainland,-2,2013,11-Jul,0,0,1,3
WI,Mainland,-2,2013,13-Jul,1,1,1,2
WI,Mainland,-2,2013,23-Jul,0,0,1,4
WI,Mainland,-2,2013,24-Jul,0,0,1,2
WI,Mainland,-2,2013,29-Jul,0,0,1,3
WI,Mainland,-2,2013,31-Jul,0,0,1,3
WI,Mainland,-2,2013,1-Aug,1,2,1,5
WI,Mainland,-2,2013,7-Aug,0,0,1,3
WI,Mainland,-2,2013,8-Aug,1,1,1,5
WI,Mainland,-2,2013,14-Aug,1,2,2,8
WI,Mainland,-2,2013,22-Aug,1,1,1,1
WI,Mainland,-2,2013,4-Sep,0,0,1,2
WI,Mainland,-1,2014,3-Jun,0,0,3,4
WI,Mainland,-1,2014,4-Jun,0,0,1,2
WI,Mainland,-1,2014,5-Jun,0,0,1,2
WI,Mainland,-1,2014,6-Jun,0,0,1,2
WI,Mainland,-1,2014,7-Jun,0,0,1,2
WI,Mainland,-1,2014,8-Jun,0,0,4,7
WI,Mainland,-1,2014,9-Jun,1,4,4,8
WI,Mainland,-1,2014,10-Jun,1,1,3,6
WI,Mainland,-1,2014,11-Jun,1,4,8,16
WI,Mainland,-1,2014,12-Jun,0,0,3,6
WI,Mainland,-1,2014,13-Jun,0,0,5,10
WI,Mainland,-1,2014,14-Jun,0,0,4,8
WI,Mainland,-1,2014,15-Jun,1,7,6,12
WI,Mainland,-1,2014,16-Jun,0,0,1,2
WI,Mainland,-1,2014,17-Jun,0,0,5,10
WI,Mainland,-1,2014,18-Jun,1,3,6,14
WI,Mainland,-1,2014,19-Jun,1,1,1,4
WI,Mainland,-1,2014,20-Jun,1,5,7,13
WI,Mainland,-1,2014,21-Jun,0,0,5,10
WI,Mainland,-1,2014,22-Jun,0,0,2,4
WI,Mainland,-1,2014,23-Jun,1,2,3,6
WI,Mainland,-1,2014,24-Jun,1,2,5,10
WI,Mainland,-1,2014,25-Jun,1,4,3,6
WI,Mainland,-1,2014,26-Jun,1,2,4,8
WI,Mainland,-1,2014,27-Jun,1,2,4,8
WI,Mainland,-1,2014,29-Jun,0,0,2,4
WI,Mainland,-1,2014,30-Jun,0,0,3,5
WI,Mainland,-1,2014,1-Jul,1,2,3,7
WI,Mainland,-1,2014,2-Jul,1,1,2,5
WI,Mainland,-1,2014,3-Jul,0,0,1,2
WI,Mainland,-1,2014,7-Jul,0,0,1,2
WI,Mainland,-1,2014,8-Jul,0,0,3,7
WI,Mainland,-1,2014,9-Jul,1,1,3,7
WI,Mainland,-1,2014,10-Jul,0,0,4,9
WI,Mainland,-1,2014,11-Jul,1,1,4,9
WI,Mainland,-1,2014,12-Jul,0,0,4,8
WI,Mainland,-1,2014,13-Jul,0,0,3,6
WI,Mainland,-1,2014,14-Jul,0,0,2,5
WI,Mainland,-1,2014,15-Jul,1,4,5,11
WI,Mainland,-1,2014,16-Jul,1,9,5,13
WI,Mainland,-1,2014,17-Jul,0,0,4,8
WI,Mainland,-1,2014,18-Jul,1,2,4,8
WI,Mainland,-1,2014,19-Jul,1,2,3,6
WI,Mainland,-1,2014,20-Jul,1,3,4,8
WI,Mainland,-1,2014,21-Jul,1,2,3,7
WI,Mainland,-1,2014,22-Jul,1,4,5,12
WI,Mainland,-1,2014,23-Jul,1,1,4,9
WI,Mainland,-1,2014,24-Jul,1,3,7,14
WI,Mainland,-1,2014,25-Jul,1,1,5,10
WI,Mainland,-1,2014,26-Jul,0,0,3,6
WI,Mainland,-1,2014,27-Jul,1,1,5,10
WI,Mainland,-1,2014,28-Jul,1,1,4,8
WI,Mainland,-1,2014,29-Jul,0,0,2,4
WI,Mainland,-1,2014,30-Jul,1,4,5,10
WI,Mainland,-1,2014,31-Jul,1,3,5,10
WI,Mainland,-1,2014,1-Aug,1,1,4,9
WI,Mainland,-1,2014,2-Aug,1,3,3,6
WI,Mainland,-1,2014,5-Aug,0,0,1,3
WI,Mainland,-1,2014,7-Aug,0,0,1,3
WI,Mainland,-1,2014,13-Aug,1,4,2,6
WI,Mainland,-1,2014,14-Aug,0,0,1,3
WI,Mainland,-1,2014,18-Aug,0,0,1,2
WI,Mainland,-1,2014,26-Aug,0,0,1,3
WI,Mainland,-1,2014,3-Sep,1,1,1,3
WI,Mainland,0,2015,18-May,0,0,1,3
WI,Mainland,0,2015,20-May,1,2,1,5
WI,Mainland,0,2015,21-May,1,5,1,4
WI,Mainland,0,2015,26-May,0,0,1,1
WI,Mainland,0,2015,31-May,1,1,1,3
WI,Mainland,0,2015,1-Jun,1,2,1,3
WI,Mainland,0,2015,7-Jun,0,0,1,1
WI,Mainland,0,2015,8-Jun,1,4,1,3
WI,Mainland,0,2015,17-Jun,0,0,1,3
WI,Mainland,0,2015,18-Jun,1,2,1,3
WI,Mainland,0,2015,22-Jun,0,0,1,3
WI,Mainland,0,2015,23-Jun,0,0,1,4
WI,Mainland,0,2015,24-Jun,1,1,1,3
WI,Mainland,0,2015,25-Jun,0,0,1,3
WI,Mainland,0,2015,30-Jun,0,0,1,2
WI,Mainland,0,2015,7-Jul,1,4,2,7
WI,Mainland,0,2015,9-Jul,0,0,1,3
WI,Mainland,0,2015,10-Jul,0,0,1,2
WI,Mainland,0,2015,11-Jul,1,1,1,2
WI,Mainland,0,2015,12-Jul,1,1,1,2
WI,Mainland,0,2015,13-Jul,1,4,1,3
WI,Mainland,0,2015,14-Jul,1,2,2,10
WI,Mainland,0,2015,15-Jul,1,1,2,3
WI,Mainland,0,2015,16-Jul,1,1,1,1
WI,Mainland,0,2015,17-Jul,0,0,1,5
WI,Mainland,0,2015,18-Jul,0,0,1,4
WI,Mainland,0,2015,19-Jul,0,0,1,2
WI,Mainland,0,2015,20-Jul,1,3,2,4
WI,Mainland,0,2015,21-Jul,0,0,1,3
WI,Mainland,0,2015,22-Jul,1,2,2,4
WI,Mainland,0,2015,23-Jul,1,1,1,3
WI,Mainland,0,2015,25-Jul,1,1,1,2
WI,Mainland,0,2015,26-Jul,0,0,1,1
WI,Mainland,0,2015,27-Jul,0,0,1,2
WI,Mainland,0,2015,28-Jul,0,0,1,2
WI,Mainland,0,2015,29-Jul,1,1,1,2
WI,Mainland,0,2015,11-Aug,1,2,1,2
WI,Mainland,0,2015,27-Aug,1,2,1,2
WI,Mainland,0,2015,2-Sep,0,0,1,3
WI,Mainland,1,2016,16-May,1,6,1,3
WI,Mainland,1,2016,17-May,1,2,2,4
WI,Mainland,1,2016,18-May,1,2,2,3
WI,Mainland,1,2016,19-May,1,2,2,3
WI,Mainland,1,2016,23-May,1,1,1,3
WI,Mainland,1,2016,26-May,0,0,1,2
WI,Mainland,1,2016,31-May,0,0,1,2
WI,Mainland,1,2016,1-Jun,0,0,1,2
WI,Mainland,1,2016,2-Jun,0,0,1,2
WI,Mainland,1,2016,3-Jun,0,0,1,1
WI,Mainland,1,2016,4-Jun,1,2,1,1
WI,Mainland,1,2016,5-Jun,0,0,1,2
WI,Mainland,1,2016,7-Jun,1,1,2,3
WI,Mainland,1,2016,8-Jun,0,0,1,1
WI,Mainland,1,2016,9-Jun,0,0,1,1
WI,Mainland,1,2016,12-Jun,1,1,2,2
WI,Mainland,1,2016,13-Jun,0,0,1,2
WI,Mainland,1,2016,15-Jun,0,0,1,2
WI,Mainland,1,2016,17-Jun,0,0,1,1
WI,Mainland,1,2016,18-Jun,0,0,1,1
WI,Mainland,1,2016,19-Jun,0,0,1,2
WI,Mainland,1,2016,20-Jun,0,0,1,1
WI,Mainland,1,2016,21-Jun,0,0,1,1
WI,Mainland,1,2016,23-Jun,0,0,1,2
WI,Mainland,1,2016,25-Jun,1,1,1,2
WI,Mainland,1,2016,28-Jun,1,1,1,1
WI,Mainland,1,2016,29-Jun,1,1,1,1
WI,Mainland,1,2016,30-Jun,0,0,1,2
WI,Mainland,1,2016,8-Jul,0,0,1,2
WI,Mainland,1,2016,9-Jul,1,3,1,3
WI,Mainland,1,2016,11-Jul,0,0,1,2
WI,Mainland,1,2016,12-Jul,1,4,1,2
WI,Mainland,1,2016,14-Jul,0,0,1,2
WI,Mainland,1,2016,19-Jul,0,0,1,2
WI,Mainland,1,2016,22-Jul,1,1,1,3
WI,Mainland,1,2016,24-Jul,1,1,1,3
WI,Mainland,1,2016,25-Jul,0,0,1,3
WI,Mainland,1,2016,26-Jul,1,3,1,6
WI,Mainland,1,2016,27-Jul,1,3,2,6
WI,Mainland,1,2016,28-Jul,0,0,1,3
WI,Mainland,1,2016,30-Jul,0,0,1,6
WI,Mainland,1,2016,31-Jul,0,0,1,4
WI,Mainland,1,2016,1-Aug,1,2,1,6
WI,Mainland,1,2016,2-Aug,0,0,2,8
WI,Mainland,1,2016,3-Aug,1,1,2,7
WI,Mainland,1,2016,5-Aug,0,0,1,4
WI,Mainland,1,2016,6-Aug,0,0,1,2
WI,Mainland,1,2016,15-Aug,1,1,1,2
WI,Mainland,1,2016,16-Aug,0,0,1,3
WI,Mainland,1,2016,8-Sep,0,0,1,2
WI,Mainland,2,2017,18-May,0,0,1,1
WI,Mainland,2,2017,19-May,0,0,1,1
WI,Mainland,2,2017,22-May,1,1,1,1
WI,Mainland,2,2017,24-May,0,0,1,1
WI,Mainland,2,2017,25-May,0,0,1,1
WI,Mainland,2,2017,26-May,0,0,1,1
WI,Mainland,2,2017,27-May,0,0,1,1
WI,Mainland,2,2017,28-May,0,0,1,1
WI,Mainland,2,2017,30-May,0,0,2,3
WI,Mainland,2,2017,31-May,0,0,2,3
WI,Mainland,2,2017,1-Jun,0,0,2,3
WI,Mainland,2,2017,2-Jun,0,0,2,3
WI,Mainland,2,2017,3-Jun,0,0,1,1
WI,Mainland,2,2017,6-Jun,1,1,2,3
WI,Mainland,2,2017,12-Jun,1,1,1,1
WI,Mainland,2,2017,13-Jun,0,0,2,3
WI,Mainland,2,2017,14-Jun,0,0,1,2
WI,Mainland,2,2017,15-Jun,0,0,1,1
WI,Mainland,2,2017,17-Jun,0,0,1,1
WI,Mainland,2,2017,18-Jun,1,2,1,1
WI,Mainland,2,2017,19-Jun,0,0,2,3
WI,Mainland,2,2017,20-Jun,0,0,2,3
WI,Mainland,2,2017,23-Jun,0,0,1,1
WI,Mainland,2,2017,24-Jun,0,0,1,1
WI,Mainland,2,2017,25-Jun,0,0,1,1
WI,Mainland,2,2017,26-Jun,0,0,1,1
WI,Mainland,2,2017,27-Jun,1,1,2,3
WI,Mainland,2,2017,6-Jul,1,1,1,3
WI,Mainland,2,2017,10-Jul,0,0,2,5
WI,Mainland,2,2017,11-Jul,0,0,1,3
WI,Mainland,2,2017,12-Jul,0,0,1,3
WI,Mainland,2,2017,13-Jul,0,0,2,5
WI,Mainland,2,2017,17-Jul,0,0,1,3
WI,Mainland,2,2017,19-Jul,0,0,1,4
WI,Mainland,2,2017,20-Jul,0,0,1,4
WI,Mainland,2,2017,24-Jul,0,0,1,3
WI,Mainland,2,2017,25-Jul,0,0,2,4
WI,Mainland,2,2017,26-Jul,0,0,2,5
WI,Mainland,2,2017,27-Jul,0,0,1,5
WI,Mainland,2,2017,30-Jul,0,0,1,3
WI,Mainland,2,2017,31-Jul,0,0,1,3
WI,Mainland,2,2017,1-Aug,1,2,2,6
WI,Mainland,2,2017,2-Aug,1,1,1,3
WI,Mainland,2,2017,3-Aug,0,0,1,3
WI,Mainland,2,2017,8-Aug,0,0,1,2
WI,Mainland,3,2018,28-May,0,0,1,3
WI,Mainland,3,2018,29-May,0,0,1,1
WI,Mainland,3,2018,4-Jun,0,0,1,1
WI,Mainland,3,2018,5-Jun,0,0,1,2
WI,Mainland,3,2018,25-Jun,0,0,1,2
WI,Mainland,3,2018,26-Jun,0,0,1,2
WI,Mainland,3,2018,9-Jul,0,0,2,3
WI,Mainland,3,2018,10-Jul,0,0,1,2
WI,Mainland,3,2018,17-Jul,0,0,1,2
WI,Mainland,3,2018,24-Jul,0,0,2,2
WI,Mainland,3,2018,25-Jul,0,0,1,1
WI,Mainland,3,2018,14-Aug,0,0,1,2
WI,Mainland,3,2018,21-Aug,1,1,1,2
WI,Mainland,3,2018,30-Aug,0,0,1,1
WI,Mainland,4,2019,29-May,0,0,1,2
WI,Mainland,4,2019,2-Jul,0,0,1,2
WI,Mainland,4,2019,10-Jul,0,0,1,2
WI,Mainland,4,2019,16-Jul,0,0,1,2
WI,Mainland,4,2019,13-Aug,0,0,1,2