Date,Julian_D,DOY,Month,Pdate,Year,Wyear,YOA,YSW,Status,Group,Season,SeasonDetail,Location,Site,SurveySite,State ,Sex,Age,Weight,FAL,Recap,OrigCap,Band,Results,Prev,FamCT,Pdload,Log10Load,Notes
10/21/19,2019294,294,10,10.6774,2019,2020,2011,9,Established,Post-invasion,Fall,Swarm,Island,LI,AR,NY,M,A,8.4,35.03,N,NA,73935,-,0,Undetermined,NA,-6.5,
2/5/19,NA,36,2,13.1786,2019,2019,2016,3,Epidemic,Post-invasion,Spring,Hiber_Late,Main,Main,BC,WI,NA,NA,NA,NA,NA,NA,NA,NA,1,NA,0.01719154,-1.764685218,
3/1/21,NA,60,3,15.0323,2021,2021,2016,5,Established,Post-invasion,Spring,Hiber_Late,Main,Main,BC,WI,NA,NA,NA,NA,NA,NA,NA,NA,1,NA,0.000576378,-3.239292604,
11/9/15,NA,313,11,11.3,2015,2016,2016,0,Invasion,Invasion,Fall,Hiber_Early,Main,Main,BC1,WI,NA,NA,NA,NA,NA,NA,NA,NA,0,NA,NA,-6.5,
11/9/15,NA,313,11,11.3,2015,2016,2016,0,Invasion,Invasion,Fall,Hiber_Early,Main,Main,BC1,WI,NA,NA,NA,NA,NA,NA,NA,NA,0,NA,NA,-6.5,
11/9/15,NA,313,11,11.3,2015,2016,2016,0,Invasion,Invasion,Fall,Hiber_Early,Main,Main,BC1,WI,NA,NA,NA,NA,NA,NA,NA,NA,0,NA,NA,-6.5,
11/9/15,NA,313,11,11.3,2015,2016,2016,0,Invasion,Invasion,Fall,Hiber_Early,Main,Main,BC1,WI,NA,NA,NA,NA,NA,NA,NA,NA,0,NA,NA,-6.5,
11/12/16,NA,317,11,11.4,2016,2017,2016,1,Invasion,Invasion,Fall,Hiber_Early,Main,Main,BC1,WI,NA,NA,NA,NA,NA,NA,NA,NA,1,NA,0.001135874,-2.944669841,
11/12/16,NA,317,11,11.4,2016,2017,2016,1,Invasion,Invasion,Fall,Hiber_Early,Main,Main,BC1,WI,NA,NA,NA,NA,NA,NA,NA,NA,1,NA,0.043339059,-1.363120523,
3/7/16,NA,67,3,15.2258,2016,2016,2016,0,Invasion,Invasion,Spring,Hiber_Late,Main,Main,BC1,WI,NA,NA,NA,NA,NA,NA,NA,NA,1,NA,0.0000721,-4.142064735,
11/5/15,NA,309,11,11.1667,2015,2016,2015,1,Invasion,Invasion,Fall,Hiber_Early,Main,Main,BC3,MI,NA,NA,NA,NA,NA,NA,NA,NA,1,NA,0.00000396,-5.402304814,
11/5/15,NA,309,11,11.1667,2015,2016,2015,1,Invasion,Invasion,Fall,Hiber_Early,Main,Main,BC3,MI,NA,NA,NA,NA,NA,NA,NA,NA,1,NA,0.0000147,-4.832682665,
11/5/15,NA,309,11,11.1667,2015,2016,2015,1,Invasion,Invasion,Fall,Hiber_Early,Main,Main,BC3,MI,NA,NA,NA,NA,NA,NA,NA,NA,1,NA,0.0000936,-4.028724151,
11/5/15,NA,309,11,11.1667,2015,2016,2015,1,Invasion,Invasion,Fall,Hiber_Early,Main,Main,BC3,MI,NA,NA,NA,NA,NA,NA,NA,NA,1,NA,0.000419621,-3.377142786,
11/5/15,NA,309,11,11.1667,2015,2016,2015,1,Invasion,Invasion,Fall,Hiber_Early,Main,Main,BC3,MI,NA,NA,NA,NA,NA,NA,NA,NA,1,NA,0.017776263,-1.750159533,
11/5/15,NA,309,11,11.1667,2015,2016,2015,1,Invasion,Invasion,Fall,Hiber_Early,Main,Main,BC3,MI,NA,NA,NA,NA,NA,NA,NA,NA,0,NA,NA,-6.5,
11/5/15,NA,309,11,11.1667,2015,2016,2015,1,Invasion,Invasion,Fall,Hiber_Early,Main,Main,BC3,MI,NA,NA,NA,NA,NA,NA,NA,NA,0,NA,NA,-6.5,
11/5/15,NA,309,11,11.1667,2015,2016,2015,1,Invasion,Invasion,Fall,Hiber_Early,Main,Main,BC3,MI,NA,NA,NA,NA,NA,NA,NA,NA,0,NA,NA,-6.5,
11/5/15,NA,309,11,11.1667,2015,2016,2015,1,Invasion,Invasion,Fall,Hiber_Early,Main,Main,BC3,MI,NA,NA,NA,NA,NA,NA,NA,NA,0,NA,NA,-6.5,
11/13/17,NA,317,11,11.4333,2017,2018,2015,3,Epidemic,Post-invasion,Fall,Hiber_Early,Main,Main,BC3,MI,NA,NA,NA,NA,NA,NA,NA,NA,1,NA,0.001873795,-2.727277924,
11/13/20,NA,318,11,11.4333,2020,2021,2015,6,Established,Post-invasion,Fall,Hiber_Early,Main,Main,BC3,MI,NA,NA,NA,NA,NA,NA,NA,NA,1,NA,0.009318164,-2.03066965,
11/29/14,NA,333,11,11.9667,2014,2015,2015,0,Invasion,Invasion,Fall,Hiber_Early,Main,Main,BC3,MI,NA,NA,NA,NA,NA,NA,NA,NA,1,NA,0.0000066,-5.180456064,
11/29/14,NA,333,11,11.9667,2014,2015,2015,0,Invasion,Invasion,Fall,Hiber_Early,Main,Main,BC3,MI,NA,NA,NA,NA,NA,NA,NA,NA,0,NA,NA,-6.5,
11/29/14,NA,333,11,11.9667,2014,2015,2015,0,Invasion,Invasion,Fall,Hiber_Early,Main,Main,BC3,MI,NA,NA,NA,NA,NA,NA,NA,NA,0,NA,NA,-6.5,
11/29/14,NA,333,11,11.9667,2014,2015,2015,0,Invasion,Invasion,Fall,Hiber_Early,Main,Main,BC3,MI,NA,NA,NA,NA,NA,NA,NA,NA,0,NA,NA,-6.5,
11/29/14,NA,333,11,11.9667,2014,2015,2015,0,Invasion,Invasion,Fall,Hiber_Early,Main,Main,BC3,MI,NA,NA,NA,NA,NA,NA,NA,NA,0,NA,NA,-6.5,
11/29/14,NA,333,11,11.9667,2014,2015,2015,0,Invasion,Invasion,Fall,Hiber_Early,Main,Main,BC3,MI,NA,NA,NA,NA,NA,NA,NA,NA,0,NA,NA,-6.5,
11/29/14,NA,333,11,11.9667,2014,2015,2015,0,Invasion,Invasion,Fall,Hiber_Early,Main,Main,BC3,MI,NA,NA,NA,NA,NA,NA,NA,NA,0,NA,NA,-6.5,
11/29/14,NA,333,11,11.9667,2014,2015,2015,0,Invasion,Invasion,Fall,Hiber_Early,Main,Main,BC3,MI,NA,NA,NA,NA,NA,NA,NA,NA,0,NA,NA,-6.5,
11/29/14,NA,333,11,11.9667,2014,2015,2015,0,Invasion,Invasion,Fall,Hiber_Early,Main,Main,BC3,MI,NA,NA,NA,NA,NA,NA,NA,NA,0,NA,NA,-6.5,
11/29/14,NA,333,11,11.9667,2014,2015,2015,0,Invasion,Invasion,Fall,Hiber_Early,Main,Main,BC3,MI,NA,NA,NA,NA,NA,NA,NA,NA,0,NA,NA,-6.5,
11/29/14,NA,333,11,11.9667,2014,2015,2015,0,Invasion,Invasion,Fall,Hiber_Early,Main,Main,BC3,MI,NA,NA,NA,NA,NA,NA,NA,NA,0,NA,NA,-6.5,
11/29/14,NA,333,11,11.9667,2014,2015,2015,0,Invasion,Invasion,Fall,Hiber_Early,Main,Main,BC3,MI,NA,NA,NA,NA,NA,NA,NA,NA,0,NA,NA,-6.5,
11/29/14,NA,333,11,11.9667,2014,2015,2015,0,Invasion,Invasion,Fall,Hiber_Early,Main,Main,BC3,MI,NA,NA,NA,NA,NA,NA,NA,NA,0,NA,NA,-6.5,
2/25/15,NA,56,2,13.8929,2015,2015,2015,0,Invasion,Invasion,Spring,Hiber_Late,Main,Main,BC3,MI,NA,NA,NA,NA,NA,NA,NA,NA,1,NA,0.00000982,-5.007888512,
2/25/15,NA,56,2,13.8929,2015,2015,2015,0,Invasion,Invasion,Spring,Hiber_Late,Main,Main,BC3,MI,NA,NA,NA,NA,NA,NA,NA,NA,1,NA,0.0000321,-4.493494968,
2/25/15,NA,56,2,13.8929,2015,2015,2015,0,Invasion,Invasion,Spring,Hiber_Late,Main,Main,BC3,MI,NA,NA,NA,NA,NA,NA,NA,NA,1,NA,0.0000355,-4.449771647,
2/25/15,NA,56,2,13.8929,2015,2015,2015,0,Invasion,Invasion,Spring,Hiber_Late,Main,Main,BC3,MI,NA,NA,NA,NA,NA,NA,NA,NA,1,NA,0.000105961,-3.974853952,
2/25/15,NA,56,2,13.8929,2015,2015,2015,0,Invasion,Invasion,Spring,Hiber_Late,Main,Main,BC3,MI,NA,NA,NA,NA,NA,NA,NA,NA,1,NA,0.000996589,-3.001483911,
2/25/15,NA,56,2,13.8929,2015,2015,2015,0,Invasion,Invasion,Spring,Hiber_Late,Main,Main,BC3,MI,NA,NA,NA,NA,NA,NA,NA,NA,1,NA,0.001328095,-2.876770858,
2/25/15,NA,56,2,13.8929,2015,2015,2015,0,Invasion,Invasion,Spring,Hiber_Late,Main,Main,BC3,MI,NA,NA,NA,NA,NA,NA,NA,NA,1,NA,0.002070861,-2.683849051,
2/25/15,NA,56,2,13.8929,2015,2015,2015,0,Invasion,Invasion,Spring,Hiber_Late,Main,Main,BC3,MI,NA,NA,NA,NA,NA,NA,NA,NA,1,NA,0.01191966,-1.923736132,
2/25/15,NA,56,2,13.8929,2015,2015,2015,0,Invasion,Invasion,Spring,Hiber_Late,Main,Main,BC3,MI,NA,NA,NA,NA,NA,NA,NA,NA,1,NA,0.015708695,-1.803859892,
2/25/15,NA,56,2,13.8929,2015,2015,2015,0,Invasion,Invasion,Spring,Hiber_Late,Main,Main,BC3,MI,NA,NA,NA,NA,NA,NA,NA,NA,1,NA,0.022295865,-1.651775674,
2/25/15,NA,56,2,13.8929,2015,2015,2015,0,Invasion,Invasion,Spring,Hiber_Late,Main,Main,BC3,MI,NA,NA,NA,NA,NA,NA,NA,NA,1,NA,0.02924612,-1.533931742,
11/18/15,NA,322,11,11.6,2015,2016,2013,3,Epidemic,Post-invasion,Fall,Hiber_Early,Main,Main,BB,IL,NA,NA,NA,NA,NA,NA,NA,NA,1,NA,0.027613195,-1.55888334,
11/20/14,NA,324,11,11.6667,2014,2015,2013,2,Epidemic,Invasion,Fall,Hiber_Early,Main,Main,BB,IL,NA,NA,NA,NA,NA,NA,NA,NA,1,NA,0.000892248,-3.049514417,
11/20/14,NA,324,11,11.6667,2014,2015,2013,2,Epidemic,Invasion,Fall,Hiber_Early,Main,Main,BB,IL,NA,NA,NA,NA,NA,NA,NA,NA,1,NA,0.009181224,-2.037099417,
11/20/14,NA,324,11,11.6667,2014,2015,2013,2,Epidemic,Invasion,Fall,Hiber_Early,Main,Main,BB,IL,NA,NA,NA,NA,NA,NA,NA,NA,1,NA,0.012230475,-1.912556676,
11/22/13,NA,326,11,11.7333,2013,2014,2013,1,Invasion,Invasion,Fall,Hiber_Early,Main,Main,BB,IL,NA,NA,NA,NA,NA,NA,NA,NA,1,NA,0.00000382,-5.417936637,
11/22/13,NA,326,11,11.7333,2013,2014,2013,1,Invasion,Invasion,Fall,Hiber_Early,Main,Main,BB,IL,NA,NA,NA,NA,NA,NA,NA,NA,1,NA,0.000110828,-3.955350504,
11/22/13,NA,326,11,11.7333,2013,2014,2013,1,Invasion,Invasion,Fall,Hiber_Early,Main,Main,BB,IL,NA,NA,NA,NA,NA,NA,NA,NA,1,NA,0.000165212,-3.781958411,
11/22/13,NA,326,11,11.7333,2013,2014,2013,1,Invasion,Invasion,Fall,Hiber_Early,Main,Main,BB,IL,NA,NA,NA,NA,NA,NA,NA,NA,1,NA,0.000826645,-3.082680957,
11/22/13,NA,326,11,11.7333,2013,2014,2013,1,Invasion,Invasion,Fall,Hiber_Early,Main,Main,BB,IL,NA,NA,NA,NA,NA,NA,NA,NA,1,NA,0.001885098,-2.724666067,
11/22/13,NA,326,11,11.7333,2013,2014,2013,1,Invasion,Invasion,Fall,Hiber_Early,Main,Main,BB,IL,NA,NA,NA,NA,NA,NA,NA,NA,1,NA,0.002732177,-2.563491169,
11/22/13,NA,326,11,11.7333,2013,2014,2013,1,Invasion,Invasion,Fall,Hiber_Early,Main,Main,BB,IL,NA,NA,NA,NA,NA,NA,NA,NA,1,NA,0.002816505,-2.550289473,
11/22/13,NA,326,11,11.7333,2013,2014,2013,1,Invasion,Invasion,Fall,Hiber_Early,Main,Main,BB,IL,NA,NA,NA,NA,NA,NA,NA,NA,1,NA,0.003204292,-2.494267914,
11/22/13,NA,326,11,11.7333,2013,2014,2013,1,Invasion,Invasion,Fall,Hiber_Early,Main,Main,BB,IL,NA,NA,NA,NA,NA,NA,NA,NA,1,NA,0.00340146,-2.468334632,
11/22/13,NA,326,11,11.7333,2013,2014,2013,1,Invasion,Invasion,Fall,Hiber_Early,Main,Main,BB,IL,NA,NA,NA,NA,NA,NA,NA,NA,1,NA,0.004245395,-2.372081896,
11/22/13,NA,326,11,11.7333,2013,2014,2013,1,Invasion,Invasion,Fall,Hiber_Early,Main,Main,BB,IL,NA,NA,NA,NA,NA,NA,NA,NA,1,NA,0.007055758,-2.151456323,
11/22/13,NA,326,11,11.7333,2013,2014,2013,1,Invasion,Invasion,Fall,Hiber_Early,Main,Main,BB,IL,NA,NA,NA,NA,NA,NA,NA,NA,1,NA,0.014801754,-1.829686818,
11/22/13,NA,326,11,11.7333,2013,2014,2013,1,Invasion,Invasion,Fall,Hiber_Early,Main,Main,BB,IL,NA,NA,NA,NA,NA,NA,NA,NA,1,NA,0.017326214,-1.761296326,
11/22/13,NA,326,11,11.7333,2013,2014,2013,1,Invasion,Invasion,Fall,Hiber_Early,Main,Main,BB,IL,NA,NA,NA,NA,NA,NA,NA,NA,1,NA,0.023284153,-1.632939556,
11/22/13,NA,326,11,11.7333,2013,2014,2013,1,Invasion,Invasion,Fall,Hiber_Early,Main,Main,BB,IL,NA,NA,NA,NA,NA,NA,NA,NA,1,NA,0.033806174,-1.471003978,
11/22/13,NA,326,11,11.7333,2013,2014,2013,1,Invasion,Invasion,Fall,Hiber_Early,Main,Main,BB,IL,NA,NA,NA,NA,NA,NA,NA,NA,1,NA,0.040303055,-1.394662033,
11/22/13,NA,326,11,11.7333,2013,2014,2013,1,Invasion,Invasion,Fall,Hiber_Early,Main,Main,BB,IL,NA,NA,NA,NA,NA,NA,NA,NA,1,NA,0.067785038,-1.168866156,
11/22/13,NA,326,11,11.7333,2013,2014,2013,1,Invasion,Invasion,Fall,Hiber_Early,Main,Main,BB,IL,NA,NA,NA,NA,NA,NA,NA,NA,1,NA,0.070880998,-1.149470176,
11/22/13,NA,326,11,11.7333,2013,2014,2013,1,Invasion,Invasion,Fall,Hiber_Early,Main,Main,BB,IL,NA,NA,NA,NA,NA,NA,NA,NA,1,NA,0.094834473,-1.023033765,
11/22/13,NA,326,11,11.7333,2013,2014,2013,1,Invasion,Invasion,Fall,Hiber_Early,Main,Main,BB,IL,NA,NA,NA,NA,NA,NA,NA,NA,0,NA,NA,-6.5,
12/3/12,NA,338,12,12.0968,2012,2013,2013,0,Invasion,Invasion,Fall,Hiber_Early,Main,Main,BB,IL,NA,NA,NA,NA,NA,NA,NA,NA,1,NA,0.0000512,-4.290730039,
12/3/12,NA,338,12,12.0968,2012,2013,2013,0,Invasion,Invasion,Fall,Hiber_Early,Main,Main,BB,IL,NA,NA,NA,NA,NA,NA,NA,NA,0,NA,NA,-6.5,
12/3/12,NA,338,12,12.0968,2012,2013,2013,0,Invasion,Invasion,Fall,Hiber_Early,Main,Main,BB,IL,NA,NA,NA,NA,NA,NA,NA,NA,0,NA,NA,-6.5,
12/3/12,NA,338,12,12.0968,2012,2013,2013,0,Invasion,Invasion,Fall,Hiber_Early,Main,Main,BB,IL,NA,NA,NA,NA,NA,NA,NA,NA,0,NA,NA,-6.5,
12/3/12,NA,338,12,12.0968,2012,2013,2013,0,Invasion,Invasion,Fall,Hiber_Early,Main,Main,BB,IL,NA,NA,NA,NA,NA,NA,NA,NA,0,NA,NA,-6.5,
12/3/12,NA,338,12,12.0968,2012,2013,2013,0,Invasion,Invasion,Fall,Hiber_Early,Main,Main,BB,IL,NA,NA,NA,NA,NA,NA,NA,NA,0,NA,NA,-6.5,
12/3/12,NA,338,12,12.0968,2012,2013,2013,0,Invasion,Invasion,Fall,Hiber_Early,Main,Main,BB,IL,NA,NA,NA,NA,NA,NA,NA,NA,0,NA,NA,-6.5,
12/3/12,NA,338,12,12.0968,2012,2013,2013,0,Invasion,Invasion,Fall,Hiber_Early,Main,Main,BB,IL,NA,NA,NA,NA,NA,NA,NA,NA,0,NA,NA,-6.5,
12/3/12,NA,338,12,12.0968,2012,2013,2013,0,Invasion,Invasion,Fall,Hiber_Early,Main,Main,BB,IL,NA,NA,NA,NA,NA,NA,NA,NA,0,NA,NA,-6.5,
12/3/12,NA,338,12,12.0968,2012,2013,2013,0,Invasion,Invasion,Fall,Hiber_Early,Main,Main,BB,IL,NA,NA,NA,NA,NA,NA,NA,NA,0,NA,NA,-6.5,
12/3/12,NA,338,12,12.0968,2012,2013,2013,0,Invasion,Invasion,Fall,Hiber_Early,Main,Main,BB,IL,NA,NA,NA,NA,NA,NA,NA,NA,0,NA,NA,-6.5,
12/3/12,NA,338,12,12.0968,2012,2013,2013,0,Invasion,Invasion,Fall,Hiber_Early,Main,Main,BB,IL,NA,NA,NA,NA,NA,NA,NA,NA,0,NA,NA,-6.5,
3/25/14,NA,84,3,15.8065,2014,2014,2013,1,Invasion,Invasion,Spring,Hiber_Late,Main,Main,BB,IL,NA,NA,NA,NA,NA,NA,NA,NA,1,NA,0.08670017,-1.061980051,
3/25/14,NA,84,3,15.8065,2014,2014,2013,1,Invasion,Invasion,Spring,Hiber_Late,Main,Main,BB,IL,NA,NA,NA,NA,NA,NA,NA,NA,1,NA,0.123676441,-0.907713021,
3/25/14,NA,84,3,15.8065,2014,2014,2013,1,Invasion,Invasion,Spring,Hiber_Late,Main,Main,BB,IL,NA,NA,NA,NA,NA,NA,NA,NA,1,NA,0.210082836,-0.677609428,
3/27/13,NA,86,3,15.871,2013,2013,2013,0,Invasion,Invasion,Spring,Hiber_Late,Main,Main,BB,IL,NA,NA,NA,NA,NA,NA,NA,NA,1,NA,0.000007,-5.15490196,
3/27/13,NA,86,3,15.871,2013,2013,2013,0,Invasion,Invasion,Spring,Hiber_Late,Main,Main,BB,IL,NA,NA,NA,NA,NA,NA,NA,NA,1,NA,0.0000159,-4.798602876,
3/27/13,NA,86,3,15.871,2013,2013,2013,0,Invasion,Invasion,Spring,Hiber_Late,Main,Main,BB,IL,NA,NA,NA,NA,NA,NA,NA,NA,1,NA,0.00024372,-3.613108831,
3/27/13,NA,86,3,15.871,2013,2013,2013,0,Invasion,Invasion,Spring,Hiber_Late,Main,Main,BB,IL,NA,NA,NA,NA,NA,NA,NA,NA,1,NA,0.000402583,-3.395144568,
3/27/13,NA,86,3,15.871,2013,2013,2013,0,Invasion,Invasion,Spring,Hiber_Late,Main,Main,BB,IL,NA,NA,NA,NA,NA,NA,NA,NA,1,NA,0.002735513,-2.562961217,
3/27/13,NA,86,3,15.871,2013,2013,2013,0,Invasion,Invasion,Spring,Hiber_Late,Main,Main,BB,IL,NA,NA,NA,NA,NA,NA,NA,NA,1,NA,0.002819376,-2.549847002,
3/27/13,NA,86,3,15.871,2013,2013,2013,0,Invasion,Invasion,Spring,Hiber_Late,Main,Main,BB,IL,NA,NA,NA,NA,NA,NA,NA,NA,1,NA,0.005708038,-2.243513144,
3/27/13,NA,86,3,15.871,2013,2013,2013,0,Invasion,Invasion,Spring,Hiber_Late,Main,Main,BB,IL,NA,NA,NA,NA,NA,NA,NA,NA,1,NA,0.015770365,-1.802158255,
3/27/13,NA,86,3,15.871,2013,2013,2013,0,Invasion,Invasion,Spring,Hiber_Late,Main,Main,BB,IL,NA,NA,NA,NA,NA,NA,NA,NA,1,NA,0.017034534,-1.768669743,
3/27/13,NA,86,3,15.871,2013,2013,2013,0,Invasion,Invasion,Spring,Hiber_Late,Main,Main,BB,IL,NA,NA,NA,NA,NA,NA,NA,NA,1,NA,0.018534599,-1.732016806,
3/27/13,NA,86,3,15.871,2013,2013,2013,0,Invasion,Invasion,Spring,Hiber_Late,Main,Main,BB,IL,NA,NA,NA,NA,NA,NA,NA,NA,1,NA,0.023092799,-1.636523425,
3/27/13,NA,86,3,15.871,2013,2013,2013,0,Invasion,Invasion,Spring,Hiber_Late,Main,Main,BB,IL,NA,NA,NA,NA,NA,NA,NA,NA,1,NA,0.031413407,-1.502884959,
3/27/13,NA,86,3,15.871,2013,2013,2013,0,Invasion,Invasion,Spring,Hiber_Late,Main,Main,BB,IL,NA,NA,NA,NA,NA,NA,NA,NA,1,NA,0.033640571,-1.473136641,
3/27/13,NA,86,3,15.871,2013,2013,2013,0,Invasion,Invasion,Spring,Hiber_Late,Main,Main,BB,IL,NA,NA,NA,NA,NA,NA,NA,NA,1,NA,0.072243644,-1.141200356,
3/27/13,NA,86,3,15.871,2013,2013,2013,0,Invasion,Invasion,Spring,Hiber_Late,Main,Main,BB,IL,NA,NA,NA,NA,NA,NA,NA,NA,1,NA,0.07541799,-1.122525046,
3/27/13,NA,86,3,15.871,2013,2013,2013,0,Invasion,Invasion,Spring,Hiber_Late,Main,Main,BB,IL,NA,NA,NA,NA,NA,NA,NA,NA,1,NA,0.100312157,-0.998646431,
3/27/13,NA,86,3,15.871,2013,2013,2013,0,Invasion,Invasion,Spring,Hiber_Late,Main,Main,BB,IL,NA,NA,NA,NA,NA,NA,NA,NA,1,NA,0.170363319,-0.768623908,
3/27/13,NA,86,3,15.871,2013,2013,2013,0,Invasion,Invasion,Spring,Hiber_Late,Main,Main,BB,IL,NA,NA,NA,NA,NA,NA,NA,NA,1,NA,0.177025698,-0.751963685,
3/27/13,NA,86,3,15.871,2013,2013,2013,0,Invasion,Invasion,Spring,Hiber_Late,Main,Main,BB,IL,NA,NA,NA,NA,NA,NA,NA,NA,1,NA,0.209086755,-0.679673478,
3/27/13,NA,86,3,15.871,2013,2013,2013,0,Invasion,Invasion,Spring,Hiber_Late,Main,Main,BB,IL,NA,NA,NA,NA,NA,NA,NA,NA,1,NA,0.305596511,-0.514851608,
3/27/13,NA,86,3,15.871,2013,2013,2013,0,Invasion,Invasion,Spring,Hiber_Late,Main,Main,BB,IL,NA,NA,NA,NA,NA,NA,NA,NA,1,NA,0.433253434,-0.363257986,
3/27/13,NA,86,3,15.871,2013,2013,2013,0,Invasion,Invasion,Spring,Hiber_Late,Main,Main,BB,IL,NA,NA,NA,NA,NA,NA,NA,NA,1,NA,0.729374965,-0.137049147,
3/27/13,NA,86,3,15.871,2013,2013,2013,0,Invasion,Invasion,Spring,Hiber_Late,Main,Main,BB,IL,NA,NA,NA,NA,NA,NA,NA,NA,0,NA,NA,-6.5,
11/5/18,NA,309,11,11.1667,2018,2019,2015,4,Epidemic,Post-invasion,Fall,Hiber_Early,Main,Main,BOSB,WI,NA,NA,NA,NA,NA,NA,NA,NA,1,NA,0.002325818,-2.633424273,
11/5/18,NA,309,11,11.1667,2018,2019,2015,4,Epidemic,Post-invasion,Fall,Hiber_Early,Main,Main,BOSB,WI,NA,NA,NA,NA,NA,NA,NA,NA,1,NA,0.015924518,-1.797933704,
11/7/14,NA,311,11,11.2333,2014,2015,2015,0,Invasion,Invasion,Fall,Hiber_Early,Main,Main,BOSB,WI,NA,NA,NA,NA,NA,NA,NA,NA,0,NA,NA,-6.5,
11/9/15,NA,313,11,11.3,2015,2016,2015,1,Invasion,Invasion,Fall,Hiber_Early,Main,Main,BOSB,WI,NA,NA,NA,NA,NA,NA,NA,NA,0,NA,NA,-6.5,
11/9/15,NA,313,11,11.3,2015,2016,2015,1,Invasion,Invasion,Fall,Hiber_Early,Main,Main,BOSB,WI,NA,NA,NA,NA,NA,NA,NA,NA,0,NA,NA,-6.5,
11/12/16,NA,317,11,11.4,2016,2017,2015,2,Epidemic,Invasion,Fall,Hiber_Early,Main,Main,BOSB,WI,NA,NA,NA,NA,NA,NA,NA,NA,1,NA,0.0003391,-3.46967221,
3/10/15,NA,69,3,15.3226,2015,2015,2015,0,Invasion,Invasion,Spring,Hiber_Late,Main,Main,BOSB,WI,NA,NA,NA,NA,NA,NA,NA,NA,0,NA,NA,-6.5,
3/10/15,NA,69,3,15.3226,2015,2015,2015,0,Invasion,Invasion,Spring,Hiber_Late,Main,Main,BOSB,WI,NA,NA,NA,NA,NA,NA,NA,NA,0,NA,NA,-6.5,
3/10/16,NA,70,3,15.3226,2016,2016,2015,1,Invasion,Invasion,Spring,Hiber_Late,Main,Main,BOSB,WI,NA,NA,NA,NA,NA,NA,NA,NA,1,NA,0.398712196,-0.39934048,
3/10/16,NA,70,3,15.3226,2016,2016,2015,1,Invasion,Invasion,Spring,Hiber_Late,Main,Main,BOSB,WI,NA,NA,NA,NA,NA,NA,NA,NA,1,NA,0.587020911,-0.231346428,
10/25/19,2019298,298,10,10.8065,2019,2020,2013,7,Established,Post-invasion,Fall,Swarm,Island,MV,BP,MA,M,A,8.1,32.9,N,NA,139139,-,0,Undetermined,NA,-6.5,
5/7/21,2021127,127,5,17.2258,2021,2021,2013,8,Established,Post-invasion,Spring,MaternityE,Island,MV,BP,MA,M,A,6,34.5,N,NA,105105,+,1,30.91651917,0.002246138,-2.648563473,
5/7/21,2021127,127,5,17.2258,2021,2021,2013,8,Established,Post-invasion,Spring,MaternityE,Island,MV,BP,MA,F,A,6,34.8,N,NA,107107,+,1,27.44069481,0.024527312,-1.610350044,
5/7/21,2021127,127,5,17.2258,2021,2021,2013,8,Established,Post-invasion,Spring,MaternityE,Island,MV,BP,MA,F,A,6,34.9,N,NA,106106,+,1,23.11178207,0.48158963,-0.317322873,
4/23/18,2018113,113,4,16.7667,2018,2018,2013,5,Established,Post-invasion,Spring,Emergence,Island,MV,CA,MA,F,A,6.4,34.7,N,NA,THK14406,+,1,27.22701645,0.028410229,-1.546525259,
4/25/19,2019115,115,4,16.8333,2019,2019,2013,6,Established,Post-invasion,Spring,Emergence,Island,MV,CA,MA,M,A,6.4,33.3,N,NA,THK14412,+,1,28.24364376,0.014119283,-1.85018736,
5/1/18,2018121,121,5,17.0323,2018,2018,2013,5,Established,Post-invasion,Spring,MaternityE,Island,MV,CA,MA,F,A,6.3,34.1,N,NA,THK14407,+,1,36.94604874,3.55E-05,-4.449557404,
5/3/18,2018123,123,5,17.0968,2018,2018,2013,5,Established,Post-invasion,Spring,MaternityE,Island,MV,CA,MA,F,A,6.8,36.4,Y,summer15,RRR 145,+,1,32.41112518,0.000803534,-3.094995709,
10/24/19,2019297,297,10,10.7742,2019,2020,2011,9,Established,Post-invasion,Fall,Swarm,Island,LI,CB,NY,M,A,7.9,35.7,N,NA,73936,-,0,Undetermined,NA,-6.5,
9/27/11,NA,270,9,9.9,2011,2012,2011,1,Invasion,Invasion,Fall,Swarm,Main,Main,CR,VA,NA,NA,NA,NA,NA,NA,NA,NA,1,NA,0.00000088,-6.055517328,
9/27/11,NA,270,9,9.9,2011,2012,2011,1,Invasion,Invasion,Fall,Swarm,Main,Main,CR,VA,NA,NA,NA,NA,NA,NA,NA,NA,0,NA,NA,-6.5,
9/27/11,NA,270,9,9.9,2011,2012,2011,1,Invasion,Invasion,Fall,Swarm,Main,Main,CR,VA,NA,NA,NA,NA,NA,NA,NA,NA,0,NA,NA,-6.5,
9/27/11,NA,270,9,9.9,2011,2012,2011,1,Invasion,Invasion,Fall,Swarm,Main,Main,CR,VA,NA,NA,NA,NA,NA,NA,NA,NA,0,NA,NA,-6.5,
9/27/11,NA,270,9,9.9,2011,2012,2011,1,Invasion,Invasion,Fall,Swarm,Main,Main,CR,VA,NA,NA,NA,NA,NA,NA,NA,NA,0,NA,NA,-6.5,
9/27/11,NA,270,9,9.9,2011,2012,2011,1,Invasion,Invasion,Fall,Swarm,Main,Main,CR,VA,NA,NA,NA,NA,NA,NA,NA,NA,0,NA,NA,-6.5,
10/18/11,NA,291,10,10.5806,2011,2012,2011,1,Invasion,Invasion,Fall,Swarm,Main,Main,CR,VA,NA,NA,NA,NA,NA,NA,NA,NA,0,NA,NA,-6.5,
10/18/11,NA,291,10,10.5806,2011,2012,2011,1,Invasion,Invasion,Fall,Swarm,Main,Main,CR,VA,NA,NA,NA,NA,NA,NA,NA,NA,0,NA,NA,-6.5,
10/18/11,NA,291,10,10.5806,2011,2012,2011,1,Invasion,Invasion,Fall,Swarm,Main,Main,CR,VA,NA,NA,NA,NA,NA,NA,NA,NA,0,NA,NA,-6.5,
10/18/11,NA,291,10,10.5806,2011,2012,2011,1,Invasion,Invasion,Fall,Swarm,Main,Main,CR,VA,NA,NA,NA,NA,NA,NA,NA,NA,0,NA,NA,-6.5,
10/18/11,NA,291,10,10.5806,2011,2012,2011,1,Invasion,Invasion,Fall,Swarm,Main,Main,CR,VA,NA,NA,NA,NA,NA,NA,NA,NA,0,NA,NA,-6.5,
11/1/19,NA,305,11,11.0333,2019,2020,2016,4,Epidemic,Post-invasion,Fall,Hiber_Early,Main,Main,ES,WI,NA,NA,NA,NA,NA,NA,NA,NA,1,NA,0.003961436,-2.402147356,
11/3/17,NA,307,11,11.1,2017,2018,2016,2,Epidemic,Invasion,Fall,Hiber_Early,Main,Main,ES,WI,NA,NA,NA,NA,NA,NA,NA,NA,1,NA,0.000127924,-3.893047969,
11/3/17,NA,307,11,11.1,2017,2018,2016,2,Epidemic,Invasion,Fall,Hiber_Early,Main,Main,ES,WI,NA,NA,NA,NA,NA,NA,NA,NA,0,NA,NA,-6.5,
11/7/20,NA,312,11,11.2333,2020,2021,2016,5,Established,Post-invasion,Fall,Hiber_Early,Main,Main,ES,WI,NA,NA,NA,NA,NA,NA,NA,NA,0,NA,NA,-6.5,
11/11/15,NA,315,11,11.3667,2015,2016,2016,0,Invasion,Invasion,Fall,Hiber_Early,Main,Main,ES,WI,NA,NA,NA,NA,NA,NA,NA,NA,0,NA,NA,-6.5,
11/11/15,NA,315,11,11.3667,2015,2016,2016,0,Invasion,Invasion,Fall,Hiber_Early,Main,Main,ES,WI,NA,NA,NA,NA,NA,NA,NA,NA,0,NA,NA,-6.5,
11/11/15,NA,315,11,11.3667,2015,2016,2016,0,Invasion,Invasion,Fall,Hiber_Early,Main,Main,ES,WI,NA,NA,NA,NA,NA,NA,NA,NA,0,NA,NA,-6.5,
11/11/15,NA,315,11,11.3667,2015,2016,2016,0,Invasion,Invasion,Fall,Hiber_Early,Main,Main,ES,WI,NA,NA,NA,NA,NA,NA,NA,NA,0,NA,NA,-6.5,
11/11/15,NA,315,11,11.3667,2015,2016,2016,0,Invasion,Invasion,Fall,Hiber_Early,Main,Main,ES,WI,NA,NA,NA,NA,NA,NA,NA,NA,0,NA,NA,-6.5,
11/11/15,NA,315,11,11.3667,2015,2016,2016,0,Invasion,Invasion,Fall,Hiber_Early,Main,Main,ES,WI,NA,NA,NA,NA,NA,NA,NA,NA,0,NA,NA,-6.5,
11/16/16,NA,321,11,11.5333,2016,2017,2016,1,Invasion,Invasion,Fall,Hiber_Early,Main,Main,ES,WI,NA,NA,NA,NA,NA,NA,NA,NA,1,NA,0.00000499,-5.301899454,
11/16/16,NA,321,11,11.5333,2016,2017,2016,1,Invasion,Invasion,Fall,Hiber_Early,Main,Main,ES,WI,NA,NA,NA,NA,NA,NA,NA,NA,1,NA,0.00000535,-5.271646218,
11/16/16,NA,321,11,11.5333,2016,2017,2016,1,Invasion,Invasion,Fall,Hiber_Early,Main,Main,ES,WI,NA,NA,NA,NA,NA,NA,NA,NA,1,NA,0.0000066,-5.180456064,
11/16/16,NA,321,11,11.5333,2016,2017,2016,1,Invasion,Invasion,Fall,Hiber_Early,Main,Main,ES,WI,NA,NA,NA,NA,NA,NA,NA,NA,1,NA,0.00000723,-5.140861703,
11/16/16,NA,321,11,11.5333,2016,2017,2016,1,Invasion,Invasion,Fall,Hiber_Early,Main,Main,ES,WI,NA,NA,NA,NA,NA,NA,NA,NA,1,NA,0.00000938,-5.027797162,
11/16/16,NA,321,11,11.5333,2016,2017,2016,1,Invasion,Invasion,Fall,Hiber_Early,Main,Main,ES,WI,NA,NA,NA,NA,NA,NA,NA,NA,1,NA,0.00000965,-5.015472687,
11/16/16,NA,321,11,11.5333,2016,2017,2016,1,Invasion,Invasion,Fall,Hiber_Early,Main,Main,ES,WI,NA,NA,NA,NA,NA,NA,NA,NA,1,NA,0.0000113,-4.946921557,
11/16/16,NA,321,11,11.5333,2016,2017,2016,1,Invasion,Invasion,Fall,Hiber_Early,Main,Main,ES,WI,NA,NA,NA,NA,NA,NA,NA,NA,1,NA,0.0000118,-4.928117993,
11/16/16,NA,321,11,11.5333,2016,2017,2016,1,Invasion,Invasion,Fall,Hiber_Early,Main,Main,ES,WI,NA,NA,NA,NA,NA,NA,NA,NA,0,NA,NA,-6.5,
2/25/21,NA,56,2,13.8929,2021,2021,2016,5,Established,Post-invasion,Spring,Hiber_Late,Main,Main,ES,WI,NA,NA,NA,NA,NA,NA,NA,NA,1,NA,0.019840372,-1.702450189,
2/25/21,NA,56,2,13.8929,2021,2021,2016,5,Established,Post-invasion,Spring,Hiber_Late,Main,Main,ES,WI,NA,NA,NA,NA,NA,NA,NA,NA,1,NA,0.167338176,-0.776404969,
3/5/19,NA,64,3,15.1613,2019,2019,2016,3,Epidemic,Post-invasion,Spring,Hiber_Late,Main,Main,ES,WI,NA,NA,NA,NA,NA,NA,NA,NA,1,NA,0.113265919,-0.945900747,
3/8/17,NA,67,3,15.2581,2017,2017,2016,1,Invasion,Invasion,Spring,Hiber_Late,Main,Main,ES,WI,NA,NA,NA,NA,NA,NA,NA,NA,1,NA,0.0000022,-5.657577319,
3/8/17,NA,67,3,15.2581,2017,2017,2016,1,Invasion,Invasion,Spring,Hiber_Late,Main,Main,ES,WI,NA,NA,NA,NA,NA,NA,NA,NA,1,NA,0.003386275,-2.470277776,
3/8/17,NA,67,3,15.2581,2017,2017,2016,1,Invasion,Invasion,Spring,Hiber_Late,Main,Main,ES,WI,NA,NA,NA,NA,NA,NA,NA,NA,1,NA,0.006680826,-2.175169839,
3/8/17,NA,67,3,15.2581,2017,2017,2016,1,Invasion,Invasion,Spring,Hiber_Late,Main,Main,ES,WI,NA,NA,NA,NA,NA,NA,NA,NA,1,NA,0.010848386,-1.96463487,
3/8/17,NA,67,3,15.2581,2017,2017,2016,1,Invasion,Invasion,Spring,Hiber_Late,Main,Main,ES,WI,NA,NA,NA,NA,NA,NA,NA,NA,1,NA,0.066618093,-1.176407804,
3/8/17,NA,67,3,15.2581,2017,2017,2016,1,Invasion,Invasion,Spring,Hiber_Late,Main,Main,ES,WI,NA,NA,NA,NA,NA,NA,NA,NA,1,NA,0.301063133,-0.521342423,
3/8/17,NA,67,3,15.2581,2017,2017,2016,1,Invasion,Invasion,Spring,Hiber_Late,Main,Main,ES,WI,NA,NA,NA,NA,NA,NA,NA,NA,1,NA,0.789105819,-0.102864754,
3/11/16,NA,71,3,15.3548,2016,2016,2016,0,Invasion,Invasion,Spring,Hiber_Late,Main,Main,ES,WI,NA,NA,NA,NA,NA,NA,NA,NA,0,NA,NA,-6.5,
3/11/16,NA,71,3,15.3548,2016,2016,2016,0,Invasion,Invasion,Spring,Hiber_Late,Main,Main,ES,WI,NA,NA,NA,NA,NA,NA,NA,NA,0,NA,NA,-6.5,
3/11/16,NA,71,3,15.3548,2016,2016,2016,0,Invasion,Invasion,Spring,Hiber_Late,Main,Main,ES,WI,NA,NA,NA,NA,NA,NA,NA,NA,0,NA,NA,-6.5,
3/11/16,NA,71,3,15.3548,2016,2016,2016,0,Invasion,Invasion,Spring,Hiber_Late,Main,Main,ES,WI,NA,NA,NA,NA,NA,NA,NA,NA,0,NA,NA,-6.5,
3/11/16,NA,71,3,15.3548,2016,2016,2016,0,Invasion,Invasion,Spring,Hiber_Late,Main,Main,ES,WI,NA,NA,NA,NA,NA,NA,NA,NA,0,NA,NA,-6.5,
3/11/16,NA,71,3,15.3548,2016,2016,2016,0,Invasion,Invasion,Spring,Hiber_Late,Main,Main,ES,WI,NA,NA,NA,NA,NA,NA,NA,NA,0,NA,NA,-6.5,
10/14/20,2020288,288,10,10.4516,2020,2021,2013,8,Established,Post-invasion,Fall,Swarm,Island,MV,FMB,MA,F,A,10.2,35.5,N,NA,103103,-,0,Undetermined,NA,-6.5,
10/11/18,NA,285,10,10.3548,2018,2019,2017,2,Epidemic,Invasion,Fall,Hiber_Early,Main,Main,GB,WI,NA,NA,NA,NA,NA,NA,NA,NA,0,NA,NA,-6.5,
10/11/18,NA,285,10,10.3548,2018,2019,2017,2,Epidemic,Invasion,Fall,Hiber_Early,Main,Main,GB,WI,NA,NA,NA,NA,NA,NA,NA,NA,0,NA,NA,-6.5,
11/4/19,NA,308,11,11.1333,2019,2020,2017,3,Epidemic,Post-invasion,Fall,Hiber_Early,Main,Main,GB,WI,NA,NA,NA,NA,NA,NA,NA,NA,1,NA,0.00000256,-5.591760035,
11/4/19,NA,308,11,11.1333,2019,2020,2017,3,Epidemic,Post-invasion,Fall,Hiber_Early,Main,Main,GB,WI,NA,NA,NA,NA,NA,NA,NA,NA,1,NA,0.0000275,-4.560667306,
11/4/19,NA,308,11,11.1333,2019,2020,2017,3,Epidemic,Post-invasion,Fall,Hiber_Early,Main,Main,GB,WI,NA,NA,NA,NA,NA,NA,NA,NA,0,NA,NA,-6.5,
11/5/17,NA,309,11,11.1667,2017,2018,2017,1,Invasion,Invasion,Fall,Hiber_Early,Main,Main,GB,WI,NA,NA,NA,NA,NA,NA,NA,NA,1,NA,0.00000387,-5.412289035,
11/5/17,NA,309,11,11.1667,2017,2018,2017,1,Invasion,Invasion,Fall,Hiber_Early,Main,Main,GB,WI,NA,NA,NA,NA,NA,NA,NA,NA,1,NA,0.00000715,-5.145693958,
11/5/17,NA,309,11,11.1667,2017,2018,2017,1,Invasion,Invasion,Fall,Hiber_Early,Main,Main,GB,WI,NA,NA,NA,NA,NA,NA,NA,NA,1,NA,0.0000271,-4.567030709,
11/5/17,NA,309,11,11.1667,2017,2018,2017,1,Invasion,Invasion,Fall,Hiber_Early,Main,Main,GB,WI,NA,NA,NA,NA,NA,NA,NA,NA,1,NA,0.000121875,-3.914085371,
11/5/17,NA,309,11,11.1667,2017,2018,2017,1,Invasion,Invasion,Fall,Hiber_Early,Main,Main,GB,WI,NA,NA,NA,NA,NA,NA,NA,NA,0,NA,NA,-6.5,
11/5/17,NA,309,11,11.1667,2017,2018,2017,1,Invasion,Invasion,Fall,Hiber_Early,Main,Main,GB,WI,NA,NA,NA,NA,NA,NA,NA,NA,0,NA,NA,-6.5,
11/5/17,NA,309,11,11.1667,2017,2018,2017,1,Invasion,Invasion,Fall,Hiber_Early,Main,Main,GB,WI,NA,NA,NA,NA,NA,NA,NA,NA,0,NA,NA,-6.5,
11/5/17,NA,309,11,11.1667,2017,2018,2017,1,Invasion,Invasion,Fall,Hiber_Early,Main,Main,GB,WI,NA,NA,NA,NA,NA,NA,NA,NA,0,NA,NA,-6.5,
11/5/17,NA,309,11,11.1667,2017,2018,2017,1,Invasion,Invasion,Fall,Hiber_Early,Main,Main,GB,WI,NA,NA,NA,NA,NA,NA,NA,NA,0,NA,NA,-6.5,
11/5/17,NA,309,11,11.1667,2017,2018,2017,1,Invasion,Invasion,Fall,Hiber_Early,Main,Main,GB,WI,NA,NA,NA,NA,NA,NA,NA,NA,0,NA,NA,-6.5,
11/5/17,NA,309,11,11.1667,2017,2018,2017,1,Invasion,Invasion,Fall,Hiber_Early,Main,Main,GB,WI,NA,NA,NA,NA,NA,NA,NA,NA,0,NA,NA,-6.5,
11/5/17,NA,309,11,11.1667,2017,2018,2017,1,Invasion,Invasion,Fall,Hiber_Early,Main,Main,GB,WI,NA,NA,NA,NA,NA,NA,NA,NA,0,NA,NA,-6.5,
11/9/20,NA,314,11,11.3,2020,2021,2017,4,Epidemic,Post-invasion,Fall,Hiber_Early,Main,Main,GB,WI,NA,NA,NA,NA,NA,NA,NA,NA,1,NA,0.000318008,-3.497561955,
3/7/19,NA,66,3,15.2258,2019,2019,2017,2,Epidemic,Invasion,Spring,Hiber_Late,Main,Main,GB,WI,NA,NA,NA,NA,NA,NA,NA,NA,1,NA,0.993717553,-0.002737039,
3/7/18,NA,66,3,15.2258,2018,2018,2017,1,Invasion,Invasion,Spring,Hiber_Late,Main,Main,GB,WI,NA,NA,NA,NA,NA,NA,NA,NA,1,NA,0.008651313,-2.062917975,
3/7/18,NA,66,3,15.2258,2018,2018,2017,1,Invasion,Invasion,Spring,Hiber_Late,Main,Main,GB,WI,NA,NA,NA,NA,NA,NA,NA,NA,1,NA,0.109118573,-0.962101322,
3/7/18,NA,66,3,15.2258,2018,2018,2017,1,Invasion,Invasion,Spring,Hiber_Late,Main,Main,GB,WI,NA,NA,NA,NA,NA,NA,NA,NA,1,NA,0.110821044,-0.955377763,
3/7/18,NA,66,3,15.2258,2018,2018,2017,1,Invasion,Invasion,Spring,Hiber_Late,Main,Main,GB,WI,NA,NA,NA,NA,NA,NA,NA,NA,1,NA,0.56010117,-0.25173352,
3/7/18,NA,66,3,15.2258,2018,2018,2017,1,Invasion,Invasion,Spring,Hiber_Late,Main,Main,GB,WI,NA,NA,NA,NA,NA,NA,NA,NA,1,NA,1.216945829,0.085271247,
11/4/15,NA,308,11,11.1333,2015,2016,2015,1,Invasion,Invasion,Fall,Hiber_Early,Main,Main,GA,MI,NA,NA,NA,NA,NA,NA,NA,NA,1,NA,0.0000111,-4.954677021,
11/4/15,NA,308,11,11.1333,2015,2016,2015,1,Invasion,Invasion,Fall,Hiber_Early,Main,Main,GA,MI,NA,NA,NA,NA,NA,NA,NA,NA,1,NA,0.001156957,-2.936682782,
11/4/15,NA,308,11,11.1333,2015,2016,2015,1,Invasion,Invasion,Fall,Hiber_Early,Main,Main,GA,MI,NA,NA,NA,NA,NA,NA,NA,NA,0,NA,NA,-6.5,
11/4/15,NA,308,11,11.1333,2015,2016,2015,1,Invasion,Invasion,Fall,Hiber_Early,Main,Main,GA,MI,NA,NA,NA,NA,NA,NA,NA,NA,0,NA,NA,-6.5,
11/4/15,NA,308,11,11.1333,2015,2016,2015,1,Invasion,Invasion,Fall,Hiber_Early,Main,Main,GA,MI,NA,NA,NA,NA,NA,NA,NA,NA,0,NA,NA,-6.5,
11/4/15,NA,308,11,11.1333,2015,2016,2015,1,Invasion,Invasion,Fall,Hiber_Early,Main,Main,GA,MI,NA,NA,NA,NA,NA,NA,NA,NA,0,NA,NA,-6.5,
11/6/16,NA,311,11,11.2,2016,2017,2015,2,Epidemic,Invasion,Fall,Hiber_Early,Main,Main,GA,MI,NA,NA,NA,NA,NA,NA,NA,NA,1,NA,0.010253005,-1.989148831,
11/9/19,NA,313,11,11.3,2019,2020,2015,5,Established,Post-invasion,Fall,Hiber_Early,Main,Main,GA,MI,NA,NA,NA,NA,NA,NA,NA,NA,1,NA,0.0377722,-1.422827719,
11/14/17,NA,318,11,11.4667,2017,2018,2015,3,Epidemic,Post-invasion,Fall,Hiber_Early,Main,Main,GA,MI,NA,NA,NA,NA,NA,NA,NA,NA,1,NA,0.000225858,-3.646164522,
11/28/14,NA,332,11,11.9333,2014,2015,2015,0,Invasion,Invasion,Fall,Hiber_Early,Main,Main,GA,MI,NA,NA,NA,NA,NA,NA,NA,NA,0,NA,NA,-6.5,
11/28/14,NA,332,11,11.9333,2014,2015,2015,0,Invasion,Invasion,Fall,Hiber_Early,Main,Main,GA,MI,NA,NA,NA,NA,NA,NA,NA,NA,0,NA,NA,-6.5,
11/28/14,NA,332,11,11.9333,2014,2015,2015,0,Invasion,Invasion,Fall,Hiber_Early,Main,Main,GA,MI,NA,NA,NA,NA,NA,NA,NA,NA,0,NA,NA,-6.5,
11/28/14,NA,332,11,11.9333,2014,2015,2015,0,Invasion,Invasion,Fall,Hiber_Early,Main,Main,GA,MI,NA,NA,NA,NA,NA,NA,NA,NA,0,NA,NA,-6.5,
11/28/14,NA,332,11,11.9333,2014,2015,2015,0,Invasion,Invasion,Fall,Hiber_Early,Main,Main,GA,MI,NA,NA,NA,NA,NA,NA,NA,NA,0,NA,NA,-6.5,
11/28/14,NA,332,11,11.9333,2014,2015,2015,0,Invasion,Invasion,Fall,Hiber_Early,Main,Main,GA,MI,NA,NA,NA,NA,NA,NA,NA,NA,0,NA,NA,-6.5,
11/28/14,NA,332,11,11.9333,2014,2015,2015,0,Invasion,Invasion,Fall,Hiber_Early,Main,Main,GA,MI,NA,NA,NA,NA,NA,NA,NA,NA,0,NA,NA,-6.5,
11/28/14,NA,332,11,11.9333,2014,2015,2015,0,Invasion,Invasion,Fall,Hiber_Early,Main,Main,GA,MI,NA,NA,NA,NA,NA,NA,NA,NA,0,NA,NA,-6.5,
11/28/14,NA,332,11,11.9333,2014,2015,2015,0,Invasion,Invasion,Fall,Hiber_Early,Main,Main,GA,MI,NA,NA,NA,NA,NA,NA,NA,NA,0,NA,NA,-6.5,
11/28/14,NA,332,11,11.9333,2014,2015,2015,0,Invasion,Invasion,Fall,Hiber_Early,Main,Main,GA,MI,NA,NA,NA,NA,NA,NA,NA,NA,0,NA,NA,-6.5,
11/28/14,NA,332,11,11.9333,2014,2015,2015,0,Invasion,Invasion,Fall,Hiber_Early,Main,Main,GA,MI,NA,NA,NA,NA,NA,NA,NA,NA,0,NA,NA,-6.5,
11/28/14,NA,332,11,11.9333,2014,2015,2015,0,Invasion,Invasion,Fall,Hiber_Early,Main,Main,GA,MI,NA,NA,NA,NA,NA,NA,NA,NA,0,NA,NA,-6.5,
11/28/14,NA,332,11,11.9333,2014,2015,2015,0,Invasion,Invasion,Fall,Hiber_Early,Main,Main,GA,MI,NA,NA,NA,NA,NA,NA,NA,NA,0,NA,NA,-6.5,
2/24/15,NA,55,2,13.8571,2015,2015,2015,0,Invasion,Invasion,Spring,Hiber_Late,Main,Main,GA,MI,NA,NA,NA,NA,NA,NA,NA,NA,1,NA,0.00000237,-5.625251654,
2/24/15,NA,55,2,13.8571,2015,2015,2015,0,Invasion,Invasion,Spring,Hiber_Late,Main,Main,GA,MI,NA,NA,NA,NA,NA,NA,NA,NA,1,NA,0.00000606,-5.217527376,
2/24/15,NA,55,2,13.8571,2015,2015,2015,0,Invasion,Invasion,Spring,Hiber_Late,Main,Main,GA,MI,NA,NA,NA,NA,NA,NA,NA,NA,1,NA,0.00000641,-5.19314197,
2/24/15,NA,55,2,13.8571,2015,2015,2015,0,Invasion,Invasion,Spring,Hiber_Late,Main,Main,GA,MI,NA,NA,NA,NA,NA,NA,NA,NA,1,NA,0.0000109,-4.962573502,
2/24/15,NA,55,2,13.8571,2015,2015,2015,0,Invasion,Invasion,Spring,Hiber_Late,Main,Main,GA,MI,NA,NA,NA,NA,NA,NA,NA,NA,1,NA,0.0000369,-4.432973634,
2/24/15,NA,55,2,13.8571,2015,2015,2015,0,Invasion,Invasion,Spring,Hiber_Late,Main,Main,GA,MI,NA,NA,NA,NA,NA,NA,NA,NA,1,NA,0.000188625,-3.724400747,
2/24/15,NA,55,2,13.8571,2015,2015,2015,0,Invasion,Invasion,Spring,Hiber_Late,Main,Main,GA,MI,NA,NA,NA,NA,NA,NA,NA,NA,1,NA,0.000523186,-3.281343886,
2/24/15,NA,55,2,13.8571,2015,2015,2015,0,Invasion,Invasion,Spring,Hiber_Late,Main,Main,GA,MI,NA,NA,NA,NA,NA,NA,NA,NA,1,NA,0.000691707,-3.160077829,
2/24/15,NA,55,2,13.8571,2015,2015,2015,0,Invasion,Invasion,Spring,Hiber_Late,Main,Main,GA,MI,NA,NA,NA,NA,NA,NA,NA,NA,1,NA,0.001013012,-2.99438541,
2/24/15,NA,55,2,13.8571,2015,2015,2015,0,Invasion,Invasion,Spring,Hiber_Late,Main,Main,GA,MI,NA,NA,NA,NA,NA,NA,NA,NA,1,NA,0.004493018,-2.347461842,
2/24/15,NA,55,2,13.8571,2015,2015,2015,0,Invasion,Invasion,Spring,Hiber_Late,Main,Main,GA,MI,NA,NA,NA,NA,NA,NA,NA,NA,1,NA,0.022679465,-1.644367195,
2/24/15,NA,55,2,13.8571,2015,2015,2015,0,Invasion,Invasion,Spring,Hiber_Late,Main,Main,GA,MI,NA,NA,NA,NA,NA,NA,NA,NA,0,NA,NA,-6.5,
2/24/15,NA,55,2,13.8571,2015,2015,2015,0,Invasion,Invasion,Spring,Hiber_Late,Main,Main,GA,MI,NA,NA,NA,NA,NA,NA,NA,NA,0,NA,NA,-6.5,
2/24/15,NA,55,2,13.8571,2015,2015,2015,0,Invasion,Invasion,Spring,Hiber_Late,Main,Main,GA,MI,NA,NA,NA,NA,NA,NA,NA,NA,0,NA,NA,-6.5,
2/24/15,NA,55,2,13.8571,2015,2015,2015,0,Invasion,Invasion,Spring,Hiber_Late,Main,Main,GA,MI,NA,NA,NA,NA,NA,NA,NA,NA,0,NA,NA,-6.5,
2/24/15,NA,55,2,13.8571,2015,2015,2015,0,Invasion,Invasion,Spring,Hiber_Late,Main,Main,GA,MI,NA,NA,NA,NA,NA,NA,NA,NA,0,NA,NA,-6.5,
4/4/19,2019094,94,4,16.1333,2019,2019,2020,0,Invasion,Invasion,Spring,Hiber_Late,Island,N,HC,MA,F,A,3.4,37.2,N,NA,17811,-,0,Undetermined,NA,-6.5,
4/4/19,2019094,94,4,16.1333,2019,2019,2020,0,Invasion,Invasion,Spring,Hiber_Late,Island,N,HC,MA,M,A,5.5,36.6,N,NA,17812,-,0,Undetermined,NA,-6.5,
4/4/19,2019094,94,4,16.1333,2019,2019,2020,0,Invasion,Invasion,Spring,Hiber_Late,Island,N,HC,MA,M,A,3.9,35.7,N,NA,17813,-,0,Undetermined,NA,-6.5,
3/28/19,2019087,87,3,15.9032,2019,2019,2013,6,Established,Post-invasion,Spring,Hiber_Late,Island,MV,HIC,MA,F,A,5.2,35.5,,,RRR145,+,1,32.51331329,0.000748999,-3.125518847,
8/23/11,NA,235,8,8.7419,2011,2012,2008,4,Epidemic,Post-invasion,Fall,Swarm,Main,Main,HC,NY,NA,NA,NA,NA,NA,NA,NA,NA,1,NA,0.00000867,-5.061980903,
8/23/11,NA,235,8,8.7419,2011,2012,2008,4,Epidemic,Post-invasion,Fall,Swarm,Main,Main,HC,NY,NA,NA,NA,NA,NA,NA,NA,NA,0,NA,NA,-6.5,
8/23/11,NA,235,8,8.7419,2011,2012,2008,4,Epidemic,Post-invasion,Fall,Swarm,Main,Main,HC,NY,NA,NA,NA,NA,NA,NA,NA,NA,0,NA,NA,-6.5,
8/23/11,NA,235,8,8.7419,2011,2012,2008,4,Epidemic,Post-invasion,Fall,Swarm,Main,Main,HC,NY,NA,NA,NA,NA,NA,NA,NA,NA,0,NA,NA,-6.5,
8/23/11,NA,235,8,8.7419,2011,2012,2008,4,Epidemic,Post-invasion,Fall,Swarm,Main,Main,HC,NY,NA,NA,NA,NA,NA,NA,NA,NA,0,NA,NA,-6.5,
10/29/19,2019302,302,10,10.9355,2019,2020,2011,9,Established,Post-invasion,Fall,Swarm,Island,LI,HH,NY,M,A,6.8,35.86,N,NA,73937,-,0,Undetermined,NA,-6.5,
10/30/19,2019303,303,10,10.9677,2019,2020,2011,9,Established,Post-invasion,Fall,Swarm,Island,LI,HH,NY,F,A,9.5,36.58,Y,Summer17,31698,-,0,Undetermined,NA,-6.5,
11/1/18,2018305,305,11,11.0333,2018,2019,2011,8,Established,Post-invasion,Fall,Swarm,Island,LI,HH,NY,M,A,7.2,NA,N,NA,31319,-,0,Undetermined,NA,-6.5,
11/1/18,2018305,305,11,11.0333,2018,2019,2011,8,Established,Post-invasion,Fall,Swarm,Island,LI,HH,NY,F,A,7.6,NA,N,NA,31320,-,0,Undetermined,NA,-6.5,
11/7/18,2018311,311,11,11.2333,2018,2019,2011,8,Established,Post-invasion,Fall,Swarm,Island,LI,HH,NY,M,A,9.5,NA,N,NA,31321,+,1,39.90264893,4.65E-06,-5.33268086,
4/24/19,2019114,114,4,16.8,2019,2019,2011,8,Established,Post-invasion,Spring,Emergence,Island,LI,HH,NY,M,A,5.9,31.2,N,NA,31322,+,1,25.8770153,0.071897558,-1.143285862,
4/24/19,2019114,114,4,16.8,2019,2019,2011,8,Established,Post-invasion,Spring,Emergence,Island,LI,HH,NY,F,A,6.2,38.3,N,NA,31323,-,0,Undetermined,NA,-6.5,
11/7/15,NA,311,11,11.2333,2015,2016,2015,1,Invasion,Invasion,Fall,Hiber_Early,Main,Main,HB,WI,NA,NA,NA,NA,NA,NA,NA,NA,1,NA,0.002703159,-2.568128408,
11/9/16,NA,314,11,11.3,2016,2017,2015,2,Epidemic,Invasion,Fall,Hiber_Early,Main,Main,HB,WI,NA,NA,NA,NA,NA,NA,NA,NA,1,NA,0.000818965,-3.086734658,
11/16/14,NA,320,11,11.5333,2014,2015,2015,0,Invasion,Invasion,Fall,Hiber_Early,Main,Main,HB,WI,NA,NA,NA,NA,NA,NA,NA,NA,0,NA,NA,-6.5,
11/16/14,NA,320,11,11.5333,2014,2015,2015,0,Invasion,Invasion,Fall,Hiber_Early,Main,Main,HB,WI,NA,NA,NA,NA,NA,NA,NA,NA,0,NA,NA,-6.5,
11/16/14,NA,320,11,11.5333,2014,2015,2015,0,Invasion,Invasion,Fall,Hiber_Early,Main,Main,HB,WI,NA,NA,NA,NA,NA,NA,NA,NA,0,NA,NA,-6.5,
11/16/14,NA,320,11,11.5333,2014,2015,2015,0,Invasion,Invasion,Fall,Hiber_Early,Main,Main,HB,WI,NA,NA,NA,NA,NA,NA,NA,NA,0,NA,NA,-6.5,
11/16/14,NA,320,11,11.5333,2014,2015,2015,0,Invasion,Invasion,Fall,Hiber_Early,Main,Main,HB,WI,NA,NA,NA,NA,NA,NA,NA,NA,0,NA,NA,-6.5,
2/27/15,NA,58,2,13.9643,2015,2015,2015,0,Invasion,Invasion,Spring,Hiber_Late,Main,Main,HB,WI,NA,NA,NA,NA,NA,NA,NA,NA,1,NA,0.0000756,-4.121478204,
2/27/15,NA,58,2,13.9643,2015,2015,2015,0,Invasion,Invasion,Spring,Hiber_Late,Main,Main,HB,WI,NA,NA,NA,NA,NA,NA,NA,NA,1,NA,0.000119813,-3.921496057,
2/27/15,NA,58,2,13.9643,2015,2015,2015,0,Invasion,Invasion,Spring,Hiber_Late,Main,Main,HB,WI,NA,NA,NA,NA,NA,NA,NA,NA,0,NA,NA,-6.5,
2/27/15,NA,58,2,13.9643,2015,2015,2015,0,Invasion,Invasion,Spring,Hiber_Late,Main,Main,HB,WI,NA,NA,NA,NA,NA,NA,NA,NA,0,NA,NA,-6.5,
7/23/21,2021204,204,7,20.7419,2021,2021,2013,8,Established,Post-invasion,Summer,Maternity,Island,MV,IPL,MA,F,A,6.6,35.4,Y,summer16,RRR116,+,1,37.86949158,1.88E-05,-4.725385714,
7/23/21,2021204,204,7,20.7419,2021,2021,2013,8,Established,Post-invasion,Summer,Maternity,Island,MV,IPL,MA,F,A,7.4,35.4,Y,"summer17, summer18",THK14405,+,1,37.13499451,3.12E-05,-4.505994673,
7/27/21,2021208,208,7,20.871,2021,2021,2013,8,Established,Post-invasion,Summer,Maternity,Island,MV,IPL,MA,M,J,5.7,35.3,N,NA,RRR108,-,0,Undetermined,NA,-6.5,
6/26/19,2019177,177,6,19.8667,2019,2019,2013,6,Established,Post-invasion,Summer,Maternity,Island,MV,JN,MA,F,A,7.6,35.2,N,NA,102102,-,0,Undetermined,NA,-6.5,
11/7/14,NA,311,11,11.2333,2014,2015,2015,0,Invasion,Invasion,Fall,Hiber_Early,Main,Main,JP,WI,NA,NA,NA,NA,NA,NA,NA,NA,0,NA,NA,-6.5,
11/7/14,NA,311,11,11.2333,2014,2015,2015,0,Invasion,Invasion,Fall,Hiber_Early,Main,Main,JP,WI,NA,NA,NA,NA,NA,NA,NA,NA,0,NA,NA,-6.5,
11/7/14,NA,311,11,11.2333,2014,2015,2015,0,Invasion,Invasion,Fall,Hiber_Early,Main,Main,JP,WI,NA,NA,NA,NA,NA,NA,NA,NA,0,NA,NA,-6.5,
11/10/15,NA,314,11,11.3333,2015,2016,2015,1,Invasion,Invasion,Fall,Hiber_Early,Main,Main,JP,WI,NA,NA,NA,NA,NA,NA,NA,NA,1,NA,0.02724605,-1.564696451,
8/10/11,NA,222,8,8.3226,2011,2012,2012,0,Invasion,Invasion,Fall,Swarm,Main,Main,KL,VA,NA,NA,NA,NA,NA,NA,NA,NA,1,NA,0.00000547,-5.262012674,
8/10/11,NA,222,8,8.3226,2011,2012,2012,0,Invasion,Invasion,Fall,Swarm,Main,Main,KL,VA,NA,NA,NA,NA,NA,NA,NA,NA,1,NA,0.0000106,-4.974694135,
8/10/11,NA,222,8,8.3226,2011,2012,2012,0,Invasion,Invasion,Fall,Swarm,Main,Main,KL,VA,NA,NA,NA,NA,NA,NA,NA,NA,1,NA,0.0000699,-4.155522824,
8/10/11,NA,222,8,8.3226,2011,2012,2012,0,Invasion,Invasion,Fall,Swarm,Main,Main,KL,VA,NA,NA,NA,NA,NA,NA,NA,NA,1,NA,0.00013761,-3.861350005,
8/10/11,NA,222,8,8.3226,2011,2012,2012,0,Invasion,Invasion,Fall,Swarm,Main,Main,KL,VA,NA,NA,NA,NA,NA,NA,NA,NA,1,NA,0.000249879,-3.602270241,
8/10/11,NA,222,8,8.3226,2011,2012,2012,0,Invasion,Invasion,Fall,Swarm,Main,Main,KL,VA,NA,NA,NA,NA,NA,NA,NA,NA,0,NA,NA,-6.5,
8/10/11,NA,222,8,8.3226,2011,2012,2012,0,Invasion,Invasion,Fall,Swarm,Main,Main,KL,VA,NA,NA,NA,NA,NA,NA,NA,NA,0,NA,NA,-6.5,
8/10/11,NA,222,8,8.3226,2011,2012,2012,0,Invasion,Invasion,Fall,Swarm,Main,Main,KL,VA,NA,NA,NA,NA,NA,NA,NA,NA,0,NA,NA,-6.5,
8/10/11,NA,222,8,8.3226,2011,2012,2012,0,Invasion,Invasion,Fall,Swarm,Main,Main,KL,VA,NA,NA,NA,NA,NA,NA,NA,NA,0,NA,NA,-6.5,
8/10/11,NA,222,8,8.3226,2011,2012,2012,0,Invasion,Invasion,Fall,Swarm,Main,Main,KL,VA,NA,NA,NA,NA,NA,NA,NA,NA,0,NA,NA,-6.5,
10/11/11,NA,284,10,10.3548,2011,2012,2012,0,Invasion,Invasion,Fall,Swarm,Main,Main,KL,VA,NA,NA,NA,NA,NA,NA,NA,NA,0,NA,NA,-6.5,
10/11/11,NA,284,10,10.3548,2011,2012,2012,0,Invasion,Invasion,Fall,Swarm,Main,Main,KL,VA,NA,NA,NA,NA,NA,NA,NA,NA,0,NA,NA,-6.5,
10/18/17,2017291,291,10,10.5806,2017,2018,2020,0,Invasion,Invasion,Fall,Hiber_Early,Island,N,LB,MA,M,A,8.5,36.7,N,NA,17995,-,0,Undetermined,NA,-6.5,
11/8/16,NA,313,11,11.2667,2016,2017,2017,0,Invasion,Invasion,Fall,Hiber_Early,Main,Main,LED,WI,NA,NA,NA,NA,NA,NA,NA,NA,1,NA,0.00000848,-5.071604148,
11/8/16,NA,313,11,11.2667,2016,2017,2017,0,Invasion,Invasion,Fall,Hiber_Early,Main,Main,LED,WI,NA,NA,NA,NA,NA,NA,NA,NA,1,NA,0.000335958,-3.473715013,
11/8/16,NA,313,11,11.2667,2016,2017,2017,0,Invasion,Invasion,Fall,Hiber_Early,Main,Main,LED,WI,NA,NA,NA,NA,NA,NA,NA,NA,0,NA,NA,-6.5,
11/8/16,NA,313,11,11.2667,2016,2017,2017,0,Invasion,Invasion,Fall,Hiber_Early,Main,Main,LED,WI,NA,NA,NA,NA,NA,NA,NA,NA,0,NA,NA,-6.5,
11/8/16,NA,313,11,11.2667,2016,2017,2017,0,Invasion,Invasion,Fall,Hiber_Early,Main,Main,LED,WI,NA,NA,NA,NA,NA,NA,NA,NA,0,NA,NA,-6.5,
11/8/16,NA,313,11,11.2667,2016,2017,2017,0,Invasion,Invasion,Fall,Hiber_Early,Main,Main,LED,WI,NA,NA,NA,NA,NA,NA,NA,NA,0,NA,NA,-6.5,
11/8/16,NA,313,11,11.2667,2016,2017,2017,0,Invasion,Invasion,Fall,Hiber_Early,Main,Main,LED,WI,NA,NA,NA,NA,NA,NA,NA,NA,0,NA,NA,-6.5,
11/8/16,NA,313,11,11.2667,2016,2017,2017,0,Invasion,Invasion,Fall,Hiber_Early,Main,Main,LED,WI,NA,NA,NA,NA,NA,NA,NA,NA,0,NA,NA,-6.5,
11/8/16,NA,313,11,11.2667,2016,2017,2017,0,Invasion,Invasion,Fall,Hiber_Early,Main,Main,LED,WI,NA,NA,NA,NA,NA,NA,NA,NA,0,NA,NA,-6.5,
11/8/16,NA,313,11,11.2667,2016,2017,2017,0,Invasion,Invasion,Fall,Hiber_Early,Main,Main,LED,WI,NA,NA,NA,NA,NA,NA,NA,NA,0,NA,NA,-6.5,
11/8/16,NA,313,11,11.2667,2016,2017,2017,0,Invasion,Invasion,Fall,Hiber_Early,Main,Main,LED,WI,NA,NA,NA,NA,NA,NA,NA,NA,0,NA,NA,-6.5,
11/8/16,NA,313,11,11.2667,2016,2017,2017,0,Invasion,Invasion,Fall,Hiber_Early,Main,Main,LED,WI,NA,NA,NA,NA,NA,NA,NA,NA,0,NA,NA,-6.5,
11/8/16,NA,313,11,11.2667,2016,2017,2017,0,Invasion,Invasion,Fall,Hiber_Early,Main,Main,LED,WI,NA,NA,NA,NA,NA,NA,NA,NA,0,NA,NA,-6.5,
11/8/16,NA,313,11,11.2667,2016,2017,2017,0,Invasion,Invasion,Fall,Hiber_Early,Main,Main,LED,WI,NA,NA,NA,NA,NA,NA,NA,NA,0,NA,NA,-6.5,
11/10/17,NA,314,11,11.3333,2017,2018,2017,1,Invasion,Invasion,Fall,Hiber_Early,Main,Main,LED,WI,NA,NA,NA,NA,NA,NA,NA,NA,1,NA,0.000762598,-3.117704338,
11/10/17,NA,314,11,11.3333,2017,2018,2017,1,Invasion,Invasion,Fall,Hiber_Early,Main,Main,LED,WI,NA,NA,NA,NA,NA,NA,NA,NA,1,NA,0.008879944,-2.051589773,
2/28/17,NA,59,2,14,2017,2017,2017,0,Invasion,Invasion,Spring,Hiber_Late,Main,Main,LED,WI,NA,NA,NA,NA,NA,NA,NA,NA,1,NA,0.001424333,-2.846388464,
2/28/17,NA,59,2,14,2017,2017,2017,0,Invasion,Invasion,Spring,Hiber_Late,Main,Main,LED,WI,NA,NA,NA,NA,NA,NA,NA,NA,1,NA,0.030702716,-1.512823205,
2/28/17,NA,59,2,14,2017,2017,2017,0,Invasion,Invasion,Spring,Hiber_Late,Main,Main,LED,WI,NA,NA,NA,NA,NA,NA,NA,NA,1,NA,0.112699973,-0.948076188,
2/28/17,NA,59,2,14,2017,2017,2017,0,Invasion,Invasion,Spring,Hiber_Late,Main,Main,LED,WI,NA,NA,NA,NA,NA,NA,NA,NA,1,NA,0.369111034,-0.432842972,
2/28/17,NA,59,2,14,2017,2017,2017,0,Invasion,Invasion,Spring,Hiber_Late,Main,Main,LED,WI,NA,NA,NA,NA,NA,NA,NA,NA,1,NA,0.399300242,-0.398700427,
2/28/17,NA,59,2,14,2017,2017,2017,0,Invasion,Invasion,Spring,Hiber_Late,Main,Main,LED,WI,NA,NA,NA,NA,NA,NA,NA,NA,1,NA,0.589416214,-0.229577921,
10/20/17,2017293,293,10,10.6452,2017,2018,2020,0,Invasion,Invasion,Fall,Swarm,Island,N,LF,MA,M,A,9.4,35.9,N,NA,17987,-,0,Undetermined,NA,-6.5,
10/20/17,2017293,293,10,10.6452,2017,2018,2020,0,Invasion,Invasion,Fall,Swarm,Island,N,LF,MA,M,A,9.1,35.4,N,NA,17986,-,0,Undetermined,NA,-6.5,
10/20/17,2017293,293,10,10.6452,2017,2018,2020,0,Invasion,Invasion,Fall,Swarm,Island,N,LF,MA,M,A,8.8,34.3,N,NA,17984,-,0,Undetermined,NA,-6.5,
10/20/18,2018293,293,10,10.6452,2018,2019,2020,0,Invasion,Invasion,Fall,Swarm,Island,N,LF,MA,M,A,6.4,34.5,N,NA,17831,-,0,Undetermined,NA,-6.5,
10/20/18,2018293,293,10,10.6452,2018,2019,2020,0,Invasion,Invasion,Fall,Swarm,Island,N,LF,MA,F,A,7.4,35.8,N,NA,17832,-,0,Undetermined,NA,-6.5,
10/20/18,2018293,293,10,10.6452,2018,2019,2020,0,Invasion,Invasion,Fall,Swarm,Island,N,LF,MA,F,A,8.2,36.6,N,NA,17833,-,0,Undetermined,NA,-6.5,
10/20/18,2018293,293,10,10.6452,2018,2019,2020,0,Invasion,Invasion,Fall,Swarm,Island,N,LF,MA,M,A,6.5,34.1,N,NA,17834,-,0,Undetermined,NA,-6.5,
10/25/19,2019298,298,10,10.8065,2019,2020,2020,0,Invasion,Invasion,Fall,Swarm,Island,N,LF,MA,F,A,7.1,33.2,N,NA,17791,-,0,Undetermined,NA,-6.5,
10/25/19,2019298,298,10,10.8065,2019,2020,2020,0,Invasion,Invasion,Fall,Swarm,Island,N,LF,MA,M,A,8.1,36.5,N,NA,17789,-,0,Undetermined,NA,-6.5,
10/25/19,2019298,298,10,10.8065,2019,2020,2020,0,Invasion,Invasion,Fall,Swarm,Island,N,LF,MA,M,A,8.2,37,N,NA,17788,-,0,Undetermined,NA,-6.5,
11/1/18,2018305,305,11,11.0333,2018,2019,2020,0,Invasion,Invasion,Fall,Swarm,Island,N,LF,MA,M,A,6.6,34.5,N,NA,17807,-,0,Undetermined,NA,-6.5,
11/1/18,2018305,305,11,11.0333,2018,2019,2020,0,Invasion,Invasion,Fall,Swarm,Island,N,LF,MA,M,A,7.5,35.2,N,NA,17806,-,0,Undetermined,NA,-6.5,
11/1/18,2018305,305,11,11.0333,2018,2019,2020,0,Invasion,Invasion,Fall,Swarm,Island,N,LF,MA,M,A,8,35.4,N,NA,17808,-,0,Undetermined,NA,-6.5,
11/1/18,2018305,305,11,11.0333,2018,2019,2020,0,Invasion,Invasion,Fall,Swarm,Island,N,LF,MA,M,A,6.4,35,N,NA,17810,-,0,Undetermined,NA,-6.5,
11/1/18,2018305,305,11,11.0333,2018,2019,2020,0,Invasion,Invasion,Fall,Swarm,Island,N,LF,MA,F,A,8.6,35.6,N,NA,17809,-,0,Undetermined,NA,-6.5,
11/5/19,2019309,309,11,11.1667,2019,2020,2020,0,Invasion,Invasion,Fall,Swarm,Island,N,LF,MA,F,A,7.2,36.8,N,NA,17966,-,0,Undetermined,NA,-6.5,
11/7/19,2019311,311,11,11.2333,2019,2020,2020,0,Invasion,Invasion,Fall,Swarm,Island,N,LF,MA,M,A,8.1,37.7,N,NA,17787,-,0,Undetermined,NA,-6.5,
11/7/19,2019311,311,11,11.2333,2019,2020,2020,0,Invasion,Invasion,Fall,Swarm,Island,N,LF,MA,M,A,7.3,34.5,N,NA,17786,-,0,Undetermined,NA,-6.5,
11/7/19,2019311,311,11,11.2333,2019,2020,2020,0,Invasion,Invasion,Fall,Swarm,Island,N,LF,MA,F,A,NA,NA,N,NA,17785,-,0,Undetermined,NA,-6.5,
4/25/19,2019115,115,4,16.8333,2019,2019,2020,0,Invasion,Invasion,Spring,Emergence,Island,N,LF,MA,M,A,5.7,35.6,N,NA,17846,-,0,Undetermined,NA,-6.5,
4/25/19,2019115,115,4,16.8333,2019,2019,2020,0,Invasion,Invasion,Spring,Emergence,Island,N,LF,MA,M,A,4.9,35.1,N,NA,17845,-,0,Undetermined,NA,-6.5,
4/25/19,2019115,115,4,16.8333,2019,2019,2020,0,Invasion,Invasion,Spring,Emergence,Island,N,LF,MA,F,A,4.7,34.8,N,NA,17844,-,0,Undetermined,NA,-6.5,
11/10/20,NA,315,11,11.3333,2020,2021,2016,5,Established,Post-invasion,Fall,Hiber_Early,Main,Main,MR,WI,NA,NA,NA,NA,NA,NA,NA,NA,1,NA,0.000104741,-3.979883284,
2/4/19,NA,35,2,13.1429,2019,2019,2016,3,Epidemic,Post-invasion,Spring,Hiber_Late,Main,Main,MR,WI,NA,NA,NA,NA,NA,NA,NA,NA,1,NA,0.000590851,-3.228522025,
3/2/21,NA,61,3,15.0645,2021,2021,2016,5,Established,Post-invasion,Spring,Hiber_Late,Main,Main,MR,WI,NA,NA,NA,NA,NA,NA,NA,NA,1,NA,0.00000545,-5.263603498,
11/6/15,NA,310,11,11.2,2015,2016,2016,0,Invasion,Invasion,Fall,Hiber_Early,Main,Main,MAR,WI,NA,NA,NA,NA,NA,NA,NA,NA,0,NA,NA,-6.5,
11/6/15,NA,310,11,11.2,2015,2016,2016,0,Invasion,Invasion,Fall,Hiber_Early,Main,Main,APR,WI,NA,NA,NA,NA,NA,NA,NA,NA,0,NA,NA,-6.5,
11/6/15,NA,310,11,11.2,2015,2016,2016,0,Invasion,Invasion,Fall,Hiber_Early,Main,Main,MAY,WI,NA,NA,NA,NA,NA,NA,NA,NA,0,NA,NA,-6.5,
11/6/15,NA,310,11,11.2,2015,2016,2016,0,Invasion,Invasion,Fall,Hiber_Early,Main,Main,JUN,WI,NA,NA,NA,NA,NA,NA,NA,NA,0,NA,NA,-6.5,
11/6/15,NA,310,11,11.2,2015,2016,2016,0,Invasion,Invasion,Fall,Hiber_Early,Main,Main,JUL,WI,NA,NA,NA,NA,NA,NA,NA,NA,0,NA,NA,-6.5,
11/6/15,NA,310,11,11.2,2015,2016,2016,0,Invasion,Invasion,Fall,Hiber_Early,Main,Main,AUG,WI,NA,NA,NA,NA,NA,NA,NA,NA,0,NA,NA,-6.5,
11/6/15,NA,310,11,11.2,2015,2016,2016,0,Invasion,Invasion,Fall,Hiber_Early,Main,Main,SEP,WI,NA,NA,NA,NA,NA,NA,NA,NA,0,NA,NA,-6.5,
11/6/15,NA,310,11,11.2,2015,2016,2016,0,Invasion,Invasion,Fall,Hiber_Early,Main,Main,OCT,WI,NA,NA,NA,NA,NA,NA,NA,NA,0,NA,NA,-6.5,
11/6/15,NA,310,11,11.2,2015,2016,2016,0,Invasion,Invasion,Fall,Hiber_Early,Main,Main,NOV,WI,NA,NA,NA,NA,NA,NA,NA,NA,0,NA,NA,-6.5,
11/6/15,NA,310,11,11.2,2015,2016,2016,0,Invasion,Invasion,Fall,Hiber_Early,Main,Main,DEC,WI,NA,NA,NA,NA,NA,NA,NA,NA,0,NA,NA,-6.5,
11/6/15,NA,310,11,11.2,2015,2016,2016,0,Invasion,Invasion,Fall,Hiber_Early,Main,Main,JAN,WI,NA,NA,NA,NA,NA,NA,NA,NA,0,NA,NA,-6.5,
11/6/15,NA,310,11,11.2,2015,2016,2016,0,Invasion,Invasion,Fall,Hiber_Early,Main,Main,FEB,WI,NA,NA,NA,NA,NA,NA,NA,NA,0,NA,NA,-6.5,
11/6/15,NA,310,11,11.2,2015,2016,2016,0,Invasion,Invasion,Fall,Hiber_Early,Main,Main,MAR,WI,NA,NA,NA,NA,NA,NA,NA,NA,0,NA,NA,-6.5,
11/6/15,NA,310,11,11.2,2015,2016,2016,0,Invasion,Invasion,Fall,Hiber_Early,Main,Main,APR,WI,NA,NA,NA,NA,NA,NA,NA,NA,0,NA,NA,-6.5,
11/6/15,NA,310,11,11.2,2015,2016,2016,0,Invasion,Invasion,Fall,Hiber_Early,Main,Main,MAY,WI,NA,NA,NA,NA,NA,NA,NA,NA,0,NA,NA,-6.5,
11/8/16,NA,313,11,11.2667,2016,2017,2016,1,Invasion,Invasion,Fall,Hiber_Early,Main,Main,JUN,WI,NA,NA,NA,NA,NA,NA,NA,NA,1,NA,0.00000755,-5.122053048,
11/8/16,NA,313,11,11.2667,2016,2017,2016,1,Invasion,Invasion,Fall,Hiber_Early,Main,Main,JUL,WI,NA,NA,NA,NA,NA,NA,NA,NA,1,NA,0.00000887,-5.05207638,
11/8/16,NA,313,11,11.2667,2016,2017,2016,1,Invasion,Invasion,Fall,Hiber_Early,Main,Main,AUG,WI,NA,NA,NA,NA,NA,NA,NA,NA,1,NA,0.0000112,-4.950781977,
11/8/16,NA,313,11,11.2667,2016,2017,2016,1,Invasion,Invasion,Fall,Hiber_Early,Main,Main,SEP,WI,NA,NA,NA,NA,NA,NA,NA,NA,1,NA,0.0000445,-4.351639989,
11/8/16,NA,313,11,11.2667,2016,2017,2016,1,Invasion,Invasion,Fall,Hiber_Early,Main,Main,OCT,WI,NA,NA,NA,NA,NA,NA,NA,NA,1,NA,0.00008,-4.096910013,
11/8/16,NA,313,11,11.2667,2016,2017,2016,1,Invasion,Invasion,Fall,Hiber_Early,Main,Main,NOV,WI,NA,NA,NA,NA,NA,NA,NA,NA,1,NA,0.0000906,-4.042871802,
11/8/16,NA,313,11,11.2667,2016,2017,2016,1,Invasion,Invasion,Fall,Hiber_Early,Main,Main,DEC,WI,NA,NA,NA,NA,NA,NA,NA,NA,1,NA,0.000106505,-3.972630003,
11/8/16,NA,313,11,11.2667,2016,2017,2016,1,Invasion,Invasion,Fall,Hiber_Early,Main,Main,JAN,WI,NA,NA,NA,NA,NA,NA,NA,NA,1,NA,0.000228315,-3.641465555,
11/8/16,NA,313,11,11.2667,2016,2017,2016,1,Invasion,Invasion,Fall,Hiber_Early,Main,Main,FEB,WI,NA,NA,NA,NA,NA,NA,NA,NA,1,NA,0.000495242,-3.305182531,
11/8/16,NA,313,11,11.2667,2016,2017,2016,1,Invasion,Invasion,Fall,Hiber_Early,Main,Main,MAR,WI,NA,NA,NA,NA,NA,NA,NA,NA,1,NA,0.000676915,-3.169465862,
11/8/16,NA,313,11,11.2667,2016,2017,2016,1,Invasion,Invasion,Fall,Hiber_Early,Main,Main,APR,WI,NA,NA,NA,NA,NA,NA,NA,NA,1,NA,0.00092005,-3.03618857,
11/8/16,NA,313,11,11.2667,2016,2017,2016,1,Invasion,Invasion,Fall,Hiber_Early,Main,Main,MAY,WI,NA,NA,NA,NA,NA,NA,NA,NA,1,NA,0.007125642,-2.147176001,
11/8/16,NA,313,11,11.2667,2016,2017,2016,1,Invasion,Invasion,Fall,Hiber_Early,Main,Main,JUN,WI,NA,NA,NA,NA,NA,NA,NA,NA,1,NA,0.014683872,-1.83315941,
11/8/16,NA,313,11,11.2667,2016,2017,2016,1,Invasion,Invasion,Fall,Hiber_Early,Main,Main,JUL,WI,NA,NA,NA,NA,NA,NA,NA,NA,1,NA,0.016642642,-1.778777729,
11/8/16,NA,313,11,11.2667,2016,2017,2016,1,Invasion,Invasion,Fall,Hiber_Early,Main,Main,AUG,WI,NA,NA,NA,NA,NA,NA,NA,NA,0,NA,NA,-6.5,
11/8/16,NA,313,11,11.2667,2016,2017,2016,1,Invasion,Invasion,Fall,Hiber_Early,Main,Main,SEP,WI,NA,NA,NA,NA,NA,NA,NA,NA,0,NA,NA,-6.5,
11/8/16,NA,313,11,11.2667,2016,2017,2016,1,Invasion,Invasion,Fall,Hiber_Early,Main,Main,OCT,WI,NA,NA,NA,NA,NA,NA,NA,NA,0,NA,NA,-6.5,
11/10/17,NA,314,11,11.3333,2017,2018,2016,2,Epidemic,Invasion,Fall,Hiber_Early,Main,Main,NOV,WI,NA,NA,NA,NA,NA,NA,NA,NA,1,NA,0.000116693,-3.932955195,
11/10/17,NA,314,11,11.3333,2017,2018,2016,2,Epidemic,Invasion,Fall,Hiber_Early,Main,Main,DEC,WI,NA,NA,NA,NA,NA,NA,NA,NA,1,NA,0.206409402,-0.685270524,
3/2/16,NA,62,3,15.0645,2016,2016,2016,0,Invasion,Invasion,Spring,Hiber_Late,Main,Main,JAN,WI,NA,NA,NA,NA,NA,NA,NA,NA,1,NA,0.00000505,-5.296708622,
3/2/16,NA,62,3,15.0645,2016,2016,2016,0,Invasion,Invasion,Spring,Hiber_Late,Main,Main,FEB,WI,NA,NA,NA,NA,NA,NA,NA,NA,1,NA,0.0000114,-4.943095149,
3/2/16,NA,62,3,15.0645,2016,2016,2016,0,Invasion,Invasion,Spring,Hiber_Late,Main,Main,MAR,WI,NA,NA,NA,NA,NA,NA,NA,NA,1,NA,0.0000923,-4.034798299,
3/2/16,NA,62,3,15.0645,2016,2016,2016,0,Invasion,Invasion,Spring,Hiber_Late,Main,Main,APR,WI,NA,NA,NA,NA,NA,NA,NA,NA,1,NA,0.000891919,-3.049674584,
3/2/16,NA,62,3,15.0645,2016,2016,2016,0,Invasion,Invasion,Spring,Hiber_Late,Main,Main,MAY,WI,NA,NA,NA,NA,NA,NA,NA,NA,1,NA,0.003823748,-2.417510737,
3/2/16,NA,62,3,15.0645,2016,2016,2016,0,Invasion,Invasion,Spring,Hiber_Late,Main,Main,JUN,WI,NA,NA,NA,NA,NA,NA,NA,NA,1,NA,0.004046277,-2.39294439,
3/2/16,NA,62,3,15.0645,2016,2016,2016,0,Invasion,Invasion,Spring,Hiber_Late,Main,Main,JUL,WI,NA,NA,NA,NA,NA,NA,NA,NA,1,NA,0.004627318,-2.334670654,
3/2/16,NA,62,3,15.0645,2016,2016,2016,0,Invasion,Invasion,Spring,Hiber_Late,Main,Main,AUG,WI,NA,NA,NA,NA,NA,NA,NA,NA,1,NA,0.00485919,-2.313436119,
3/2/16,NA,62,3,15.0645,2016,2016,2016,0,Invasion,Invasion,Spring,Hiber_Late,Main,Main,SEP,WI,NA,NA,NA,NA,NA,NA,NA,NA,1,NA,0.005642855,-2.248501109,
3/2/16,NA,62,3,15.0645,2016,2016,2016,0,Invasion,Invasion,Spring,Hiber_Late,Main,Main,OCT,WI,NA,NA,NA,NA,NA,NA,NA,NA,1,NA,0.008051009,-2.094149688,
3/2/16,NA,62,3,15.0645,2016,2016,2016,0,Invasion,Invasion,Spring,Hiber_Late,Main,Main,NOV,WI,NA,NA,NA,NA,NA,NA,NA,NA,1,NA,0.014842398,-1.828495927,
3/2/16,NA,62,3,15.0645,2016,2016,2016,0,Invasion,Invasion,Spring,Hiber_Late,Main,Main,DEC,WI,NA,NA,NA,NA,NA,NA,NA,NA,1,NA,0.037959809,-1.420675981,
3/2/16,NA,62,3,15.0645,2016,2016,2016,0,Invasion,Invasion,Spring,Hiber_Late,Main,Main,JAN,WI,NA,NA,NA,NA,NA,NA,NA,NA,0,NA,NA,-6.5,
3/2/16,NA,62,3,15.0645,2016,2016,2016,0,Invasion,Invasion,Spring,Hiber_Late,Main,Main,FEB,WI,NA,NA,NA,NA,NA,NA,NA,NA,0,NA,NA,-6.5,
3/2/16,NA,62,3,15.0645,2016,2016,2016,0,Invasion,Invasion,Spring,Hiber_Late,Main,Main,MAR,WI,NA,NA,NA,NA,NA,NA,NA,NA,0,NA,NA,-6.5,
3/12/19,NA,71,3,15.3871,2019,2019,2016,3,Epidemic,Post-invasion,Spring,Hiber_Late,Main,Main,APR,WI,NA,NA,NA,NA,NA,NA,NA,NA,1,NA,0.266914879,-0.573627216,
4/18/18,2018108,108,4,16.6,2018,2018,2011,7,Established,Post-invasion,Spring,Emergence,Island,LI,MM,NY,F,A,NA,NA,N,NA,31315,+,1,27.61390495,0.021772728,-1.662087151,
11/4/15,NA,308,11,11.1333,2015,2016,2015,1,Invasion,Invasion,Fall,Hiber_Early,Main,Main,MC,MI,NA,NA,NA,NA,NA,NA,NA,NA,1,NA,0.00000578,-5.238072162,
11/4/15,NA,308,11,11.1333,2015,2016,2015,1,Invasion,Invasion,Fall,Hiber_Early,Main,Main,MC,MI,NA,NA,NA,NA,NA,NA,NA,NA,1,NA,0.00000818,-5.087246696,
11/4/15,NA,308,11,11.1333,2015,2016,2015,1,Invasion,Invasion,Fall,Hiber_Early,Main,Main,MC,MI,NA,NA,NA,NA,NA,NA,NA,NA,1,NA,0.000121999,-3.913643729,
11/4/15,NA,308,11,11.1333,2015,2016,2015,1,Invasion,Invasion,Fall,Hiber_Early,Main,Main,MC,MI,NA,NA,NA,NA,NA,NA,NA,NA,1,NA,0.000827854,-3.082046248,
11/4/15,NA,308,11,11.1333,2015,2016,2015,1,Invasion,Invasion,Fall,Hiber_Early,Main,Main,MC,MI,NA,NA,NA,NA,NA,NA,NA,NA,1,NA,0.001005373,-2.997672782,
11/4/15,NA,308,11,11.1333,2015,2016,2015,1,Invasion,Invasion,Fall,Hiber_Early,Main,Main,MC,MI,NA,NA,NA,NA,NA,NA,NA,NA,1,NA,0.006549286,-2.183806044,
11/4/15,NA,308,11,11.1333,2015,2016,2015,1,Invasion,Invasion,Fall,Hiber_Early,Main,Main,MC,MI,NA,NA,NA,NA,NA,NA,NA,NA,1,NA,0.018196572,-1.74001042,
11/4/15,NA,308,11,11.1333,2015,2016,2015,1,Invasion,Invasion,Fall,Hiber_Early,Main,Main,MC,MI,NA,NA,NA,NA,NA,NA,NA,NA,0,NA,NA,-6.5,
11/4/15,NA,308,11,11.1333,2015,2016,2015,1,Invasion,Invasion,Fall,Hiber_Early,Main,Main,MC,MI,NA,NA,NA,NA,NA,NA,NA,NA,0,NA,NA,-6.5,
11/5/16,NA,310,11,11.1667,2016,2017,2015,2,Epidemic,Invasion,Fall,Hiber_Early,Main,Main,MC,MI,NA,NA,NA,NA,NA,NA,NA,NA,1,NA,0.00000778,-5.109020403,
11/5/16,NA,310,11,11.1667,2016,2017,2015,2,Epidemic,Invasion,Fall,Hiber_Early,Main,Main,MC,MI,NA,NA,NA,NA,NA,NA,NA,NA,1,NA,0.000145112,-3.838296672,
11/5/16,NA,310,11,11.1667,2016,2017,2015,2,Epidemic,Invasion,Fall,Hiber_Early,Main,Main,MC,MI,NA,NA,NA,NA,NA,NA,NA,NA,1,NA,0.111624531,-0.952240353,
11/11/18,NA,315,11,11.3667,2018,2019,2015,4,Epidemic,Post-invasion,Fall,Hiber_Early,Main,Main,MC,MI,NA,NA,NA,NA,NA,NA,NA,NA,0,NA,NA,-6.5,
11/13/20,NA,318,11,11.4333,2020,2021,2015,6,Established,Post-invasion,Fall,Hiber_Early,Main,Main,MC,MI,NA,NA,NA,NA,NA,NA,NA,NA,1,NA,0.00067955,-3.167778583,
11/14/17,NA,318,11,11.4667,2017,2018,2015,3,Epidemic,Post-invasion,Fall,Hiber_Early,Main,Main,MC,MI,NA,NA,NA,NA,NA,NA,NA,NA,1,NA,0.00064525,-3.190271987,
11/29/14,NA,333,11,11.9667,2014,2015,2015,0,Invasion,Invasion,Fall,Hiber_Early,Main,Main,MC,MI,NA,NA,NA,NA,NA,NA,NA,NA,1,NA,0.000129325,-3.888317513,
11/29/14,NA,333,11,11.9667,2014,2015,2015,0,Invasion,Invasion,Fall,Hiber_Early,Main,Main,MC,MI,NA,NA,NA,NA,NA,NA,NA,NA,0,NA,NA,-6.5,
11/29/14,NA,333,11,11.9667,2014,2015,2015,0,Invasion,Invasion,Fall,Hiber_Early,Main,Main,MC,MI,NA,NA,NA,NA,NA,NA,NA,NA,0,NA,NA,-6.5,
11/29/14,NA,333,11,11.9667,2014,2015,2015,0,Invasion,Invasion,Fall,Hiber_Early,Main,Main,MC,MI,NA,NA,NA,NA,NA,NA,NA,NA,0,NA,NA,-6.5,
11/29/14,NA,333,11,11.9667,2014,2015,2015,0,Invasion,Invasion,Fall,Hiber_Early,Main,Main,MC,MI,NA,NA,NA,NA,NA,NA,NA,NA,0,NA,NA,-6.5,
11/29/14,NA,333,11,11.9667,2014,2015,2015,0,Invasion,Invasion,Fall,Hiber_Early,Main,Main,MC,MI,NA,NA,NA,NA,NA,NA,NA,NA,0,NA,NA,-6.5,
11/29/14,NA,333,11,11.9667,2014,2015,2015,0,Invasion,Invasion,Fall,Hiber_Early,Main,Main,MC,MI,NA,NA,NA,NA,NA,NA,NA,NA,0,NA,NA,-6.5,
11/29/14,NA,333,11,11.9667,2014,2015,2015,0,Invasion,Invasion,Fall,Hiber_Early,Main,Main,MC,MI,NA,NA,NA,NA,NA,NA,NA,NA,0,NA,NA,-6.5,
11/29/14,NA,333,11,11.9667,2014,2015,2015,0,Invasion,Invasion,Fall,Hiber_Early,Main,Main,MC,MI,NA,NA,NA,NA,NA,NA,NA,NA,0,NA,NA,-6.5,
11/29/14,NA,333,11,11.9667,2014,2015,2015,0,Invasion,Invasion,Fall,Hiber_Early,Main,Main,MC,MI,NA,NA,NA,NA,NA,NA,NA,NA,0,NA,NA,-6.5,
11/29/14,NA,333,11,11.9667,2014,2015,2015,0,Invasion,Invasion,Fall,Hiber_Early,Main,Main,MC,MI,NA,NA,NA,NA,NA,NA,NA,NA,0,NA,NA,-6.5,
11/29/14,NA,333,11,11.9667,2014,2015,2015,0,Invasion,Invasion,Fall,Hiber_Early,Main,Main,MC,MI,NA,NA,NA,NA,NA,NA,NA,NA,0,NA,NA,-6.5,
11/29/14,NA,333,11,11.9667,2014,2015,2015,0,Invasion,Invasion,Fall,Hiber_Early,Main,Main,MC,MI,NA,NA,NA,NA,NA,NA,NA,NA,0,NA,NA,-6.5,
2/25/15,NA,56,2,13.8929,2015,2015,2015,0,Invasion,Invasion,Spring,Hiber_Late,Main,Main,MC,MI,NA,NA,NA,NA,NA,NA,NA,NA,1,NA,0.0000141,-4.850780887,
2/25/15,NA,56,2,13.8929,2015,2015,2015,0,Invasion,Invasion,Spring,Hiber_Late,Main,Main,MC,MI,NA,NA,NA,NA,NA,NA,NA,NA,1,NA,0.000083,-4.080921908,
2/25/15,NA,56,2,13.8929,2015,2015,2015,0,Invasion,Invasion,Spring,Hiber_Late,Main,Main,MC,MI,NA,NA,NA,NA,NA,NA,NA,NA,1,NA,0.001221162,-2.913226718,
2/25/15,NA,56,2,13.8929,2015,2015,2015,0,Invasion,Invasion,Spring,Hiber_Late,Main,Main,MC,MI,NA,NA,NA,NA,NA,NA,NA,NA,1,NA,0.001379018,-2.860430065,
2/25/15,NA,56,2,13.8929,2015,2015,2015,0,Invasion,Invasion,Spring,Hiber_Late,Main,Main,MC,MI,NA,NA,NA,NA,NA,NA,NA,NA,1,NA,0.002441228,-2.612391657,
2/25/15,NA,56,2,13.8929,2015,2015,2015,0,Invasion,Invasion,Spring,Hiber_Late,Main,Main,MC,MI,NA,NA,NA,NA,NA,NA,NA,NA,1,NA,0.004462319,-2.350439386,
2/25/15,NA,56,2,13.8929,2015,2015,2015,0,Invasion,Invasion,Spring,Hiber_Late,Main,Main,MC,MI,NA,NA,NA,NA,NA,NA,NA,NA,1,NA,0.007010124,-2.1542743,
2/25/15,NA,56,2,13.8929,2015,2015,2015,0,Invasion,Invasion,Spring,Hiber_Late,Main,Main,MC,MI,NA,NA,NA,NA,NA,NA,NA,NA,1,NA,0.014402145,-1.841572821,
2/25/15,NA,56,2,13.8929,2015,2015,2015,0,Invasion,Invasion,Spring,Hiber_Late,Main,Main,MC,MI,NA,NA,NA,NA,NA,NA,NA,NA,1,NA,0.22303315,-0.651630582,
2/25/15,NA,56,2,13.8929,2015,2015,2015,0,Invasion,Invasion,Spring,Hiber_Late,Main,Main,MC,MI,NA,NA,NA,NA,NA,NA,NA,NA,1,NA,0.25754495,-0.589146961,
2/25/15,NA,56,2,13.8929,2015,2015,2015,0,Invasion,Invasion,Spring,Hiber_Late,Main,Main,MC,MI,NA,NA,NA,NA,NA,NA,NA,NA,0,NA,NA,-6.5,
3/3/17,NA,62,3,15.0968,2017,2017,2015,2,Epidemic,Invasion,Spring,Hiber_Late,Main,Main,MC,MI,NA,NA,NA,NA,NA,NA,NA,NA,1,NA,0.000144341,-3.84061029,
3/3/17,NA,62,3,15.0968,2017,2017,2015,2,Epidemic,Invasion,Spring,Hiber_Late,Main,Main,MC,MI,NA,NA,NA,NA,NA,NA,NA,NA,1,NA,0.028122305,-1.550949086,
3/4/16,NA,64,3,15.129,2016,2016,2015,1,Invasion,Invasion,Spring,Hiber_Late,Main,Main,MC,MI,NA,NA,NA,NA,NA,NA,NA,NA,1,NA,0.00000624,-5.20481541,
3/4/16,NA,64,3,15.129,2016,2016,2015,1,Invasion,Invasion,Spring,Hiber_Late,Main,Main,MC,MI,NA,NA,NA,NA,NA,NA,NA,NA,1,NA,0.003221096,-2.491996331,
3/4/16,NA,64,3,15.129,2016,2016,2015,1,Invasion,Invasion,Spring,Hiber_Late,Main,Main,MC,MI,NA,NA,NA,NA,NA,NA,NA,NA,1,NA,0.025758577,-1.589078133,
3/11/19,NA,70,3,15.3548,2019,2019,2015,4,Epidemic,Post-invasion,Spring,Hiber_Late,Main,Main,MC,MI,NA,NA,NA,NA,NA,NA,NA,NA,1,NA,0.362906004,-0.440205847,
3/13/18,NA,72,3,15.4194,2018,2018,2015,3,Epidemic,Post-invasion,Spring,Hiber_Late,Main,Main,MC,MI,NA,NA,NA,NA,NA,NA,NA,NA,1,NA,0.162165635,-0.790041173,
11/5/19,2019309,309,11,11.1667,2019,2020,2011,9,Established,Post-invasion,Fall,Swarm,Island,LI,MP,NY,M,A,8,34.54,N,NA,73939,-,0,Undetermined,NA,-6.5,
10/3/11,NA,276,10,10.0968,2011,2012,2009,3,Epidemic,Post-invasion,Fall,Swarm,Main,Main,NB,VA,NA,NA,NA,NA,NA,NA,NA,NA,0,NA,NA,-6.5,
10/12/11,NA,285,10,10.3871,2011,2012,2009,3,Epidemic,Post-invasion,Fall,Swarm,Main,Main,NB,VA,NA,NA,NA,NA,NA,NA,NA,NA,0,NA,NA,-6.5,
10/12/11,NA,285,10,10.3871,2011,2012,2009,3,Epidemic,Post-invasion,Fall,Swarm,Main,Main,NB,VA,NA,NA,NA,NA,NA,NA,NA,NA,0,NA,NA,-6.5,
10/12/11,NA,285,10,10.3871,2011,2012,2009,3,Epidemic,Post-invasion,Fall,Swarm,Main,Main,NB,VA,NA,NA,NA,NA,NA,NA,NA,NA,0,NA,NA,-6.5,
4/14/19,2019104,104,4,16.4667,2019,2019,2013,6,Established,Post-invasion,Spring,Emergence,Island,MV,NUS,MA,F,A,5.9,33.8,Y,,RRR116,+,1,29.28661251,0.006891003,-2.161717533,
5/7/18,2018127,127,5,17.2258,2018,2018,2013,5,Established,Post-invasion,Spring,MaternityE,Island,MV,NUS,MA,F,A,6.8,34.6,N,NA,THK14405,+,1,30.71922493,0.002572571,-2.589632554,
5/16/19,2019136,136,5,17.5161,2019,2019,2013,6,Established,Post-invasion,Spring,MaternityE,Island,MV,NUS,MA,F,A,6.7,35.6,N,NA,THK14409,+,1,29.43164158,0.006236816,-2.205037077,
5/16/19,2019136,136,5,17.5161,2019,2019,2013,6,Established,Post-invasion,Spring,MaternityE,Island,MV,NUS,MA,F,A,6,35.8,N,NA,101101,+,1,28.82150936,0.0094887,-2.02279327,
3/2/16,NA,62,3,15.0645,2016,2016,2016,0,Invasion,Invasion,Spring,Hiber_Late,Main,Main,POT,WI,NA,NA,NA,NA,NA,NA,NA,NA,1,NA,0.021901305,-1.659530007,
3/2/16,NA,62,3,15.0645,2016,2016,2016,0,Invasion,Invasion,Spring,Hiber_Late,Main,Main,POT,WI,NA,NA,NA,NA,NA,NA,NA,NA,1,NA,0.022087185,-1.655859631,
3/2/16,NA,62,3,15.0645,2016,2016,2016,0,Invasion,Invasion,Spring,Hiber_Late,Main,Main,POT,WI,NA,NA,NA,NA,NA,NA,NA,NA,1,NA,0.103659023,-0.984392889,
3/2/16,NA,62,3,15.0645,2016,2016,2016,0,Invasion,Invasion,Spring,Hiber_Late,Main,Main,POT,WI,NA,NA,NA,NA,NA,NA,NA,NA,0,NA,NA,-6.5,
11/5/18,NA,309,11,11.1667,2018,2019,2016,3,Epidemic,Post-invasion,Fall,Hiber_Early,Main,Main,PS,WI,NA,NA,NA,NA,NA,NA,NA,NA,1,NA,0.0000096,-5.017728767,
11/13/16,NA,318,11,11.4333,2016,2017,2016,1,Invasion,Invasion,Fall,Hiber_Early,Main,Main,PS,WI,NA,NA,NA,NA,NA,NA,NA,NA,0,NA,NA,-6.5,
10/20/17,2017293,293,10,10.6452,2017,2018,2020,0,Invasion,Invasion,Fall,Swarm,Island,N,MILL,MA,M,A,8.1,35.4,N,NA,17988,-,0,Undetermined,NA,-6.5,umbrella bat
4/18/19,2019108,108,4,16.6,2019,2019,2020,0,Invasion,Invasion,Spring,Emergence,Island,N,MIA,MA,M,A,NA,NA,N,NA,NA,-,0,Undetermined,NA,-6.5,found dead in driveway
7/21/21,2021202,202,7,20.6774,2021,2021,2020,1,Invasion,Invasion,Summer,Maternity,Island,N,MADA,MA,NA,J,NA,NA,NA,NA,NA,-,0,Undetermined,NA,-6.5,
4/10/20,2021100,100,4,16.3333,2020,2020,2020,0,Invasion,Invasion,Spring,Emergence,Island,N,UNK,MA,NA,A,3.6,NA,N,NA,NA,+,1,NA,NA,-6.5,NWHC submission
10/18/17,2017291,291,10,10.5806,2017,2018,2011,7,Established,Post-invasion,Fall,Swarm,Island,LI,SH,NY,M,A,8.3,34.4,N,NA,NA,+,1,39.16647339,7.71E-06,-5.112788469,
10/18/17,2017291,291,10,10.5806,2017,2018,2011,7,Established,Post-invasion,Fall,Swarm,Island,LI,SH,NY,M,A,8.9,34.6,N,NA,NA,-,0,Undetermined,NA,-6.5,
10/18/17,2017291,291,10,10.5806,2017,2018,2011,7,Established,Post-invasion,Fall,Swarm,Island,LI,SH,NY,F,A,9,35.5,N,NA,NA,-,0,Undetermined,NA,-6.5,
10/18/17,2017291,291,10,10.5806,2017,2018,2011,7,Established,Post-invasion,Fall,Swarm,Island,LI,SH,NY,F,A,9,36.2,N,NA,NA,-,0,Undetermined,NA,-6.5,
10/19/17,2017292,292,10,10.6129,2017,2018,2011,7,Established,Post-invasion,Fall,Swarm,Island,LI,SH,NY,F,A,8.6,36.3,N,NA,NA,-,0,Undetermined,NA,-6.5,
10/19/17,2017292,292,10,10.6129,2017,2018,2011,7,Established,Post-invasion,Fall,Swarm,Island,LI,SH,NY,F,A,7.9,34.3,Y,Spring17,31692,-,0,Undetermined,NA,-6.5,
4/9/18,2018099,99,4,16.3,2018,2018,2011,7,Established,Post-invasion,Spring,Emergence,Island,LI,SH,NY,F,A,NA,NA,N,NA,31313,+,1,29.27127266,0.006964091,-2.157135587,
4/9/18,2018099,99,4,16.3,2018,2018,2011,7,Established,Post-invasion,Spring,Emergence,Island,LI,SH,NY,F,A,NA,NA,N,NA,31349,+,1,25.9468689,0.068525021,-1.164150822,
4/9/18,2018099,99,4,16.3,2018,2018,2011,7,Established,Post-invasion,Spring,Emergence,Island,LI,SH,NY,M,A,NA,NA,Y,Fall17,31314,+,1,24.90793037,0.140015314,-0.853824461,
4/12/17,2017102,102,4,16.4,2017,2017,2011,6,Established,Post-invasion,Spring,Emergence,Island,LI,SH,NY,F,A,7,36.3,N,NA,31693,+,1,35.8931,7.33E-05,-4.135046253,
4/12/17,2017102,102,4,16.4,2017,2017,2011,6,Established,Post-invasion,Spring,Emergence,Island,LI,SH,NY,F,A,5.8,33.9,N,NA,31699,+,1,34.2941,0.000220074,-3.657431994,
4/12/17,2017102,102,4,16.4,2017,2017,2011,6,Established,Post-invasion,Spring,Emergence,Island,LI,SH,NY,F,A,5.7,34.5,N,NA,31692,+,1,33.3958,0.000408212,-3.38911374,
4/13/17,2017103,103,4,16.4333,2017,2017,2011,6,Established,Post-invasion,Spring,Emergence,Island,LI,SH,NY,F,A,6.8,35.4,N,NA,31694,+,1,32.9316,0.000561747,-3.250459244,
4/13/17,2017103,103,4,16.4333,2017,2017,2011,6,Established,Post-invasion,Spring,Emergence,Island,LI,SH,NY,F,A,6.6,34.7,N,NA,31695,-,0,Undetermined,NA,-6.5,
4/23/18,2018113,113,4,16.7667,2018,2018,2011,7,Established,Post-invasion,Spring,Emergence,Island,LI,SH,NY,M,A,5.6,35.02,N,NA,31316,-,0,Undetermined,NA,-6.5,
4/24/18,2018114,114,4,16.8,2018,2018,2011,7,Established,Post-invasion,Spring,Emergence,Island,LI,SH,NY,F,A,6.2,35.93,N,NA,31317,-,0,Undetermined,NA,-6.5,
4/24/18,2018114,114,4,16.8,2018,2018,2011,7,Established,Post-invasion,Spring,Emergence,Island,LI,SH,NY,F,A,5.3,35.22,N,NA,31318,-,0,Undetermined,NA,-6.5,
10/18/19,2019291,291,10,10.5806,2019,2020,2011,9,Established,Post-invasion,Fall,Swarm,Island,LI,SS,NY,M,A,7.7,35.25,N,NA,73934,-,0,Undetermined,NA,-6.5,
9/26/11,NA,269,9,9.8667,2011,2012,2010,2,Invasion,Invasion,Fall,Swarm,Main,Main,SHI,VA,NA,NA,NA,NA,NA,NA,NA,NA,0,NA,NA,-6.5,
9/26/11,NA,269,9,9.8667,2011,2012,2010,2,Invasion,Invasion,Fall,Swarm,Main,Main,SHI,VA,NA,NA,NA,NA,NA,NA,NA,NA,0,NA,NA,-6.5,
9/26/11,NA,269,9,9.8667,2011,2012,2010,2,Invasion,Invasion,Fall,Swarm,Main,Main,SHI,VA,NA,NA,NA,NA,NA,NA,NA,NA,0,NA,NA,-6.5,
9/26/11,NA,269,9,9.8667,2011,2012,2010,2,Invasion,Invasion,Fall,Swarm,Main,Main,SHI,VA,NA,NA,NA,NA,NA,NA,NA,NA,0,NA,NA,-6.5,
4/2/18,2018092,92,4,16.0667,2018,2018,2011,7,Established,Post-invasion,Spring,Emergence,Island,LI,SH1,NY,M,A,NA,NA,N,NA,31312,+,1,29.51915169,0.005872514,-2.231175961,
11/6/17,NA,310,11,11.2,2017,2018,2017,1,Invasion,Invasion,Fall,Hiber_Early,Main,Main,SP,WI,NA,NA,NA,NA,NA,NA,NA,NA,1,NA,0.0000237,-4.625251654,
11/6/17,NA,310,11,11.2,2017,2018,2017,1,Invasion,Invasion,Fall,Hiber_Early,Main,Main,SP,WI,NA,NA,NA,NA,NA,NA,NA,NA,1,NA,0.0000469,-4.328827157,
11/6/17,NA,310,11,11.2,2017,2018,2017,1,Invasion,Invasion,Fall,Hiber_Early,Main,Main,SP,WI,NA,NA,NA,NA,NA,NA,NA,NA,1,NA,0.000219481,-3.65860307,
11/6/17,NA,310,11,11.2,2017,2018,2017,1,Invasion,Invasion,Fall,Hiber_Early,Main,Main,SP,WI,NA,NA,NA,NA,NA,NA,NA,NA,1,NA,0.000424713,-3.371904446,
11/6/17,NA,310,11,11.2,2017,2018,2017,1,Invasion,Invasion,Fall,Hiber_Early,Main,Main,SP,WI,NA,NA,NA,NA,NA,NA,NA,NA,0,NA,NA,-6.5,
11/15/16,NA,320,11,11.5,2016,2017,2017,0,Invasion,Invasion,Fall,Hiber_Early,Main,Main,SP,WI,NA,NA,NA,NA,NA,NA,NA,NA,0,NA,NA,-6.5,
11/15/16,NA,320,11,11.5,2016,2017,2017,0,Invasion,Invasion,Fall,Hiber_Early,Main,Main,SP,WI,NA,NA,NA,NA,NA,NA,NA,NA,0,NA,NA,-6.5,
11/15/16,NA,320,11,11.5,2016,2017,2017,0,Invasion,Invasion,Fall,Hiber_Early,Main,Main,SP,WI,NA,NA,NA,NA,NA,NA,NA,NA,0,NA,NA,-6.5,
11/15/16,NA,320,11,11.5,2016,2017,2017,0,Invasion,Invasion,Fall,Hiber_Early,Main,Main,SP,WI,NA,NA,NA,NA,NA,NA,NA,NA,0,NA,NA,-6.5,
11/15/16,NA,320,11,11.5,2016,2017,2017,0,Invasion,Invasion,Fall,Hiber_Early,Main,Main,SP,WI,NA,NA,NA,NA,NA,NA,NA,NA,0,NA,NA,-6.5,
11/15/16,NA,320,11,11.5,2016,2017,2017,0,Invasion,Invasion,Fall,Hiber_Early,Main,Main,SP,WI,NA,NA,NA,NA,NA,NA,NA,NA,0,NA,NA,-6.5,
11/15/16,NA,320,11,11.5,2016,2017,2017,0,Invasion,Invasion,Fall,Hiber_Early,Main,Main,SP,WI,NA,NA,NA,NA,NA,NA,NA,NA,0,NA,NA,-6.5,
11/15/16,NA,320,11,11.5,2016,2017,2017,0,Invasion,Invasion,Fall,Hiber_Early,Main,Main,SP,WI,NA,NA,NA,NA,NA,NA,NA,NA,0,NA,NA,-6.5,
11/15/16,NA,320,11,11.5,2016,2017,2017,0,Invasion,Invasion,Fall,Hiber_Early,Main,Main,SP,WI,NA,NA,NA,NA,NA,NA,NA,NA,0,NA,NA,-6.5,
3/6/17,NA,65,3,15.1935,2017,2017,2017,0,Invasion,Invasion,Spring,Hiber_Late,Main,Main,SP,WI,NA,NA,NA,NA,NA,NA,NA,NA,1,NA,0.00000233,-5.632644079,
3/6/17,NA,65,3,15.1935,2017,2017,2017,0,Invasion,Invasion,Spring,Hiber_Late,Main,Main,SP,WI,NA,NA,NA,NA,NA,NA,NA,NA,1,NA,0.000190257,-3.720659356,
3/6/17,NA,65,3,15.1935,2017,2017,2017,0,Invasion,Invasion,Spring,Hiber_Late,Main,Main,SP,WI,NA,NA,NA,NA,NA,NA,NA,NA,1,NA,0.056582316,-1.24731928,
3/6/17,NA,65,3,15.1935,2017,2017,2017,0,Invasion,Invasion,Spring,Hiber_Late,Main,Main,SP,WI,NA,NA,NA,NA,NA,NA,NA,NA,0,NA,NA,-6.5,
3/8/18,NA,67,3,15.2581,2018,2018,2017,1,Invasion,Invasion,Spring,Hiber_Late,Main,Main,SP,WI,NA,NA,NA,NA,NA,NA,NA,NA,1,NA,0.035653359,-1.447899548,
3/8/18,NA,67,3,15.2581,2018,2018,2017,1,Invasion,Invasion,Spring,Hiber_Late,Main,Main,SP,WI,NA,NA,NA,NA,NA,NA,NA,NA,1,NA,0.053413224,-1.272351207,
10/23/20,2020297,297,10,10.7419,2020,2021,2020,1,Invasion,Invasion,Fall,Swarm,Island,N,SF,MA,F,A,9,35.6,N,NA,17958,-,0,Undetermined,NA,-6.5,
10/24/20,2020298,298,10,10.7742,2020,2021,2020,1,Invasion,Invasion,Fall,Swarm,Island,N,SF,MA,M,A,7.4,34.5,N,NA,17964,-,0,Undetermined,NA,-6.5,
10/28/18,2018301,301,10,10.9032,2018,2019,2020,0,Invasion,Invasion,Fall,Swarm,Island,N,SF,MA,M,A,7.6,35.1,N,NA,17847,-,0,Undetermined,NA,-6.5,
11/18/14,NA,322,11,11.6,2014,2015,2015,0,Invasion,Invasion,Fall,Hiber_Early,Main,Main,STJ,WI,NA,NA,NA,NA,NA,NA,NA,NA,0,NA,NA,-6.5,
11/8/14,NA,312,11,11.2667,2014,2015,2015,0,Invasion,Invasion,Fall,Hiber_Early,Main,Main,STAM,WI,NA,NA,NA,NA,NA,NA,NA,NA,0,NA,NA,-6.5,
3/7/16,NA,67,3,15.2258,2016,2016,2015,1,Invasion,Invasion,Spring,Hiber_Late,Main,Main,STAM,WI,NA,NA,NA,NA,NA,NA,NA,NA,1,NA,0.005743002,-2.240861032,
3/12/15,NA,71,3,15.3871,2015,2015,2015,0,Invasion,Invasion,Spring,Hiber_Late,Main,Main,STAM,WI,NA,NA,NA,NA,NA,NA,NA,NA,1,NA,0.88684135,-0.052154066,
10/5/11,NA,278,10,10.1613,2011,2012,2010,2,Epidemic,Invasion,Fall,Swarm,Main,Main,SC,VA,NA,NA,NA,NA,NA,NA,NA,NA,1,NA,0.00000655,-5.1837587,
10/18/11,NA,291,10,10.5806,2011,2012,2010,2,Epidemic,Invasion,Fall,Swarm,Main,Main,SC,VA,NA,NA,NA,NA,NA,NA,NA,NA,0,NA,NA,-6.5,
11/16/11,NA,320,11,11.5333,2011,2012,2010,2,Epidemic,Invasion,Fall,Hiber_Early,Main,Main,SC,VA,NA,NA,NA,NA,NA,NA,NA,NA,1,NA,0.000131503,-3.881064339,
11/8/14,NA,312,11,11.2667,2014,2015,2015,0,Invasion,Invasion,Fall,Hiber_Early,Main,Main,STE,WI,NA,NA,NA,NA,NA,NA,NA,NA,0,NA,NA,-6.5,
11/8/14,NA,312,11,11.2667,2014,2015,2015,0,Invasion,Invasion,Fall,Hiber_Early,Main,Main,STE,WI,NA,NA,NA,NA,NA,NA,NA,NA,0,NA,NA,-6.5,
11/8/14,NA,312,11,11.2667,2014,2015,2015,0,Invasion,Invasion,Fall,Hiber_Early,Main,Main,STE,WI,NA,NA,NA,NA,NA,NA,NA,NA,0,NA,NA,-6.5,
11/8/14,NA,312,11,11.2667,2014,2015,2015,0,Invasion,Invasion,Fall,Hiber_Early,Main,Main,STE,WI,NA,NA,NA,NA,NA,NA,NA,NA,0,NA,NA,-6.5,
11/8/14,NA,312,11,11.2667,2014,2015,2015,0,Invasion,Invasion,Fall,Hiber_Early,Main,Main,STE,WI,NA,NA,NA,NA,NA,NA,NA,NA,0,NA,NA,-6.5,
11/16/15,NA,320,11,11.5333,2015,2016,2015,1,Invasion,Invasion,Fall,Hiber_Early,Main,Main,SB,WI,NA,NA,NA,NA,NA,NA,NA,NA,0,NA,NA,-6.5,
11/18/14,NA,322,11,11.6,2014,2015,2015,0,Invasion,Invasion,Fall,Hiber_Early,Main,Main,SB,WI,NA,NA,NA,NA,NA,NA,NA,NA,0,NA,NA,-6.5,
11/18/14,NA,322,11,11.6,2014,2015,2015,0,Invasion,Invasion,Fall,Hiber_Early,Main,Main,SB,WI,NA,NA,NA,NA,NA,NA,NA,NA,0,NA,NA,-6.5,
11/18/14,NA,322,11,11.6,2014,2015,2015,0,Invasion,Invasion,Fall,Hiber_Early,Main,Main,SB,WI,NA,NA,NA,NA,NA,NA,NA,NA,0,NA,NA,-6.5,
3/5/18,NA,64,3,15.1613,2018,2018,2015,3,Epidemic,Post-invasion,Spring,Hiber_Late,Main,Main,SB,WI,NA,NA,NA,NA,NA,NA,NA,NA,1,NA,0.015144114,-1.81975613,
3/11/15,NA,70,3,15.3548,2015,2015,2015,0,Invasion,Invasion,Spring,Hiber_Late,Main,Main,SB,WI,NA,NA,NA,NA,NA,NA,NA,NA,0,NA,NA,-6.5,
3/11/15,NA,70,3,15.3548,2015,2015,2015,0,Invasion,Invasion,Spring,Hiber_Late,Main,Main,SB,WI,NA,NA,NA,NA,NA,NA,NA,NA,0,NA,NA,-6.5,
3/14/16,NA,74,3,15.4516,2016,2016,2015,1,Invasion,Invasion,Spring,Hiber_Late,Main,Main,SB,WI,NA,NA,NA,NA,NA,NA,NA,NA,1,NA,0.014746217,-1.831319379,
3/14/16,NA,74,3,15.4516,2016,2016,2015,1,Invasion,Invasion,Spring,Hiber_Late,Main,Main,SB,WI,NA,NA,NA,NA,NA,NA,NA,NA,1,NA,0.047127444,-1.326726114,
11/5/15,NA,309,11,11.1667,2015,2016,2016,0,Invasion,Invasion,Fall,Hiber_Early,Main,Main,TM,MI,NA,NA,NA,NA,NA,NA,NA,NA,1,NA,0.00000874,-5.058488567,
11/5/15,NA,309,11,11.1667,2015,2016,2016,0,Invasion,Invasion,Fall,Hiber_Early,Main,Main,TM,MI,NA,NA,NA,NA,NA,NA,NA,NA,0,NA,NA,-6.5,
11/5/15,NA,309,11,11.1667,2015,2016,2016,0,Invasion,Invasion,Fall,Hiber_Early,Main,Main,TM,MI,NA,NA,NA,NA,NA,NA,NA,NA,0,NA,NA,-6.5,
11/5/15,NA,309,11,11.1667,2015,2016,2016,0,Invasion,Invasion,Fall,Hiber_Early,Main,Main,TM,MI,NA,NA,NA,NA,NA,NA,NA,NA,0,NA,NA,-6.5,
11/5/15,NA,309,11,11.1667,2015,2016,2016,0,Invasion,Invasion,Fall,Hiber_Early,Main,Main,TM,MI,NA,NA,NA,NA,NA,NA,NA,NA,0,NA,NA,-6.5,
11/5/15,NA,309,11,11.1667,2015,2016,2016,0,Invasion,Invasion,Fall,Hiber_Early,Main,Main,TM,MI,NA,NA,NA,NA,NA,NA,NA,NA,0,NA,NA,-6.5,
11/5/15,NA,309,11,11.1667,2015,2016,2016,0,Invasion,Invasion,Fall,Hiber_Early,Main,Main,TM,MI,NA,NA,NA,NA,NA,NA,NA,NA,0,NA,NA,-6.5,
11/5/15,NA,309,11,11.1667,2015,2016,2016,0,Invasion,Invasion,Fall,Hiber_Early,Main,Main,TM,MI,NA,NA,NA,NA,NA,NA,NA,NA,0,NA,NA,-6.5,
11/5/15,NA,309,11,11.1667,2015,2016,2016,0,Invasion,Invasion,Fall,Hiber_Early,Main,Main,TM,MI,NA,NA,NA,NA,NA,NA,NA,NA,0,NA,NA,-6.5,
11/5/15,NA,309,11,11.1667,2015,2016,2016,0,Invasion,Invasion,Fall,Hiber_Early,Main,Main,TM,MI,NA,NA,NA,NA,NA,NA,NA,NA,0,NA,NA,-6.5,
11/5/15,NA,309,11,11.1667,2015,2016,2016,0,Invasion,Invasion,Fall,Hiber_Early,Main,Main,TM,MI,NA,NA,NA,NA,NA,NA,NA,NA,0,NA,NA,-6.5,
11/5/15,NA,309,11,11.1667,2015,2016,2016,0,Invasion,Invasion,Fall,Hiber_Early,Main,Main,TM,MI,NA,NA,NA,NA,NA,NA,NA,NA,0,NA,NA,-6.5,
11/5/15,NA,309,11,11.1667,2015,2016,2016,0,Invasion,Invasion,Fall,Hiber_Early,Main,Main,TM,MI,NA,NA,NA,NA,NA,NA,NA,NA,0,NA,NA,-6.5,
11/5/15,NA,309,11,11.1667,2015,2016,2016,0,Invasion,Invasion,Fall,Hiber_Early,Main,Main,TM,MI,NA,NA,NA,NA,NA,NA,NA,NA,0,NA,NA,-6.5,
11/5/15,NA,309,11,11.1667,2015,2016,2016,0,Invasion,Invasion,Fall,Hiber_Early,Main,Main,TM,MI,NA,NA,NA,NA,NA,NA,NA,NA,0,NA,NA,-6.5,
11/5/15,NA,309,11,11.1667,2015,2016,2016,0,Invasion,Invasion,Fall,Hiber_Early,Main,Main,TM,MI,NA,NA,NA,NA,NA,NA,NA,NA,0,NA,NA,-6.5,
11/5/15,NA,309,11,11.1667,2015,2016,2016,0,Invasion,Invasion,Fall,Hiber_Early,Main,Main,TM,MI,NA,NA,NA,NA,NA,NA,NA,NA,0,NA,NA,-6.5,
11/5/15,NA,309,11,11.1667,2015,2016,2016,0,Invasion,Invasion,Fall,Hiber_Early,Main,Main,TM,MI,NA,NA,NA,NA,NA,NA,NA,NA,0,NA,NA,-6.5,
11/5/15,NA,309,11,11.1667,2015,2016,2016,0,Invasion,Invasion,Fall,Hiber_Early,Main,Main,TM,MI,NA,NA,NA,NA,NA,NA,NA,NA,0,NA,NA,-6.5,
11/5/15,NA,309,11,11.1667,2015,2016,2016,0,Invasion,Invasion,Fall,Hiber_Early,Main,Main,TM,MI,NA,NA,NA,NA,NA,NA,NA,NA,0,NA,NA,-6.5,
11/13/17,NA,317,11,11.4333,2017,2018,2016,2,Epidemic,Invasion,Fall,Hiber_Early,Main,Main,TM,MI,NA,NA,NA,NA,NA,NA,NA,NA,1,NA,0.003474785,-2.459072062,
3/5/16,NA,65,3,15.1613,2016,2016,2016,0,Invasion,Invasion,Spring,Hiber_Late,Main,Main,TM,MI,NA,NA,NA,NA,NA,NA,NA,NA,1,NA,0.000901663,-3.044955751,
3/5/16,NA,65,3,15.1613,2016,2016,2016,0,Invasion,Invasion,Spring,Hiber_Late,Main,Main,TM,MI,NA,NA,NA,NA,NA,NA,NA,NA,1,NA,0.0155924,-1.807087033,
3/5/16,NA,65,3,15.1613,2016,2016,2016,0,Invasion,Invasion,Spring,Hiber_Late,Main,Main,TM,MI,NA,NA,NA,NA,NA,NA,NA,NA,1,NA,0.021794666,-1.661649782,
3/5/16,NA,65,3,15.1613,2016,2016,2016,0,Invasion,Invasion,Spring,Hiber_Late,Main,Main,TM,MI,NA,NA,NA,NA,NA,NA,NA,NA,1,NA,0.126720508,-0.897153095,
3/5/16,NA,65,3,15.1613,2016,2016,2016,0,Invasion,Invasion,Spring,Hiber_Late,Main,Main,TM,MI,NA,NA,NA,NA,NA,NA,NA,NA,1,NA,0.194391329,-0.711323111,
11/7/20,2020312,312,11,11.2333,2020,2021,2013,8,Established,Post-invasion,Fall,Swarm,Island,MV,TIA,MA,M,A,8.2,33.2,N,NA,138138,-,0,Undetermined,NA,-6.5,
11/17/16,NA,322,11,11.5667,2016,2017,2017,0,Invasion,Invasion,Fall,Hiber_Early,Main,Main,TC,WI,NA,NA,NA,NA,NA,NA,NA,NA,0,NA,NA,-6.5,
3/7/17,NA,66,3,15.2258,2017,2017,2017,0,Invasion,Invasion,Spring,Hiber_Late,Main,Main,TC,WI,NA,NA,NA,NA,NA,NA,NA,NA,1,NA,0.00000274,-5.562249437,
10/23/20,2020297,297,10,10.7419,2020,2021,2013,8,Established,Post-invasion,Fall,Swarm,Island,MV,WAS,MA,M,A,6.7,34.6,N,NA,104104,-,0,Undetermined,NA,-6.5,
10/18/17,2017291,291,10,10.5806,2017,2018,2020,0,Invasion,Invasion,Fall,Swarm,Island,N,WG,MA,F,A,8.2,36.7,N,NA,17990,+,1,39.90967178,4.63E-06,-5.334778557,
10/18/17,2017291,291,10,10.5806,2017,2018,2020,0,Invasion,Invasion,Fall,Swarm,Island,N,WG,MA,M,A,8.1,34.8,N,NA,17994,-,0,Undetermined,NA,-6.5,
10/18/17,2017291,291,10,10.5806,2017,2018,2020,0,Invasion,Invasion,Fall,Swarm,Island,N,WG,MA,M,A,7.6,34.5,N,NA,17993,-,0,Undetermined,NA,-6.5,
10/18/17,2017291,291,10,10.5806,2017,2018,2020,0,Invasion,Invasion,Fall,Swarm,Island,N,WG,MA,M,A,8.3,36.6,N,NA,17992,-,0,Undetermined,NA,-6.5,
10/18/17,2017291,291,10,10.5806,2017,2018,2020,0,Invasion,Invasion,Fall,Swarm,Island,N,WG,MA,F,A,7.8,36.5,N,NA,17991,-,0,Undetermined,NA,-6.5,
10/18/17,2017291,291,10,10.5806,2017,2018,2020,0,Invasion,Invasion,Fall,Swarm,Island,N,WG,MA,F,A,8.3,36.7,N,NA,17989,-,0,Undetermined,NA,-6.5,
10/19/19,2019292,292,10,10.6129,2019,2020,2020,0,Invasion,Invasion,Fall,Swarm,Island,N,WG,MA,F,A,7.5,34.9,N,NA,17794,-,0,Undetermined,NA,-6.5,
10/19/20,2020293,293,10,10.6129,2020,2021,2020,1,Invasion,Invasion,Fall,Swarm,Island,N,WG,MA,M,A,8.5,37,N,NA,17795,-,0,Undetermined,NA,-6.5,
10/19/20,2020293,293,10,10.6129,2020,2021,2020,1,Invasion,Invasion,Fall,Swarm,Island,N,WG,MA,F,A,6.6,36.6,N,NA,17793,-,0,Undetermined,NA,-6.5,
10/20/19,2019293,293,10,10.6452,2019,2020,2020,0,Invasion,Invasion,Fall,Swarm,Island,N,WG,MA,F,A,7.4,33.9,N,NA,17960,-,0,Undetermined,NA,-6.5,
10/20/19,2019293,293,10,10.6452,2019,2020,2020,0,Invasion,Invasion,Fall,Swarm,Island,N,WG,MA,M,A,7.3,33.1,N,NA,17961,-,0,Undetermined,NA,-6.5,
10/20/19,2019293,293,10,10.6452,2019,2020,2020,0,Invasion,Invasion,Fall,Swarm,Island,N,WG,MA,M,A,7.9,35,N,NA,17962,-,0,Undetermined,NA,-6.5,
10/20/19,2019293,293,10,10.6452,2019,2020,2020,0,Invasion,Invasion,Fall,Swarm,Island,N,WG,MA,M,A,7.3,33.2,Y,summer19,17776,-,0,Undetermined,NA,-6.5,
10/20/19,2019293,293,10,10.6452,2019,2020,2020,0,Invasion,Invasion,Fall,Swarm,Island,N,WG,MA,M,A,6.8,35.7,N,NA,17963,-,0,Undetermined,NA,-6.5,
10/20/19,2019293,293,10,10.6452,2019,2020,2020,0,Invasion,Invasion,Fall,Swarm,Island,N,WG,MA,M,A,7.6,33.5,N,NA,17790,-,0,Undetermined,NA,-6.5,
10/21/20,2020295,295,10,10.6774,2020,2021,2020,1,Invasion,Invasion,Fall,Swarm,Island,N,WG,MA,F,A,8.1,36.4,N,NA,17781,-,0,Undetermined,NA,-6.5,
10/21/20,2020295,295,10,10.6774,2020,2021,2020,1,Invasion,Invasion,Fall,Swarm,Island,N,WG,MA,F,A,7.7,36.3,N,NA,17965,-,0,Undetermined,NA,-6.5,
10/21/20,2020295,295,10,10.6774,2020,2021,2020,1,Invasion,Invasion,Fall,Swarm,Island,N,WG,MA,F,A,7.9,33.6,N,NA,17780,-,0,Undetermined,NA,-6.5,
10/21/20,2020295,295,10,10.6774,2020,2021,2020,1,Invasion,Invasion,Fall,Swarm,Island,N,WG,MA,F,A,9.1,36.9,N,NA,17964,-,0,Undetermined,NA,-6.5,
10/24/19,2019297,297,10,10.7742,2019,2020,2020,0,Invasion,Invasion,Fall,Swarm,Island,N,WG,MA,F,J,6.6,34.3,Y,summer19,17764,-,0,Undetermined,NA,-6.5,
10/24/19,2019297,297,10,10.7742,2019,2020,2020,0,Invasion,Invasion,Fall,Swarm,Island,N,WG,MA,M,A,7.7,36.2,N,NA,17778,-,0,Undetermined,NA,-6.5,
10/24/19,2019297,297,10,10.7742,2019,2020,2020,0,Invasion,Invasion,Fall,Swarm,Island,N,WG,MA,M,A,7.5,34.4,N,NA,17779,-,0,Undetermined,NA,-6.5,
10/26/20,2020300,300,10,10.8387,2020,2021,2020,1,Invasion,Invasion,Fall,Swarm,Island,N,WG,MA,F,A,8.1,36.5,N,NA,17955,-,0,Undetermined,NA,-6.5,
11/10/20,2020315,315,11,11.3333,2020,2021,2020,1,Invasion,Invasion,Fall,Swarm,Island,N,WG,MA,M,A,7.4,34.5,N,NA,17956,-,0,Undetermined,NA,-6.5,
11/11/19,2019315,315,11,11.3667,2019,2020,2020,0,Invasion,Invasion,Fall,Swarm,Island,N,WG,MA,F,A,5.9,34.6,N,NA,17796,-,0,Undetermined,NA,-6.5,
5/1/18,2018121,121,5,17.0323,2018,2018,2020,0,Invasion,Invasion,Spring,MaternityE,Island,N,WG,MA,M,A,4.5,34.9,N,NA,17983,-,0,Undetermined,NA,-6.5,
5/1/18,2018121,121,5,17.0323,2018,2018,2020,0,Invasion,Invasion,Spring,MaternityE,Island,N,WG,MA,F,A,6.1,35.8,N,NA,17981,-,0,Undetermined,NA,-6.5,
5/1/18,2018121,121,5,17.0323,2018,2018,2020,0,Invasion,Invasion,Spring,MaternityE,Island,N,WG,MA,F,A,5.9,35.7,N,NA,17982,-,0,Undetermined,NA,-6.5,
5/1/18,2018121,121,5,17.0323,2018,2018,2020,0,Invasion,Invasion,Spring,MaternityE,Island,N,WG,MA,F,A,5.5,34.5,N,NA,17989,-,0,Undetermined,NA,-6.5,
5/1/18,2018121,121,5,17.0323,2018,2018,2020,0,Invasion,Invasion,Spring,MaternityE,Island,N,WG,MA,F,A,6,36.1,Y,summer16,123123,-,0,Undetermined,NA,-6.5,
5/1/19,2019121,121,5,17.0323,2019,2019,2020,0,Invasion,Invasion,Spring,MaternityE,Island,N,WG,MA,M,A,5.6,35.2,N,NA,17814,-,0,Undetermined,NA,-6.5,
5/1/19,2019121,121,5,17.0323,2019,2019,2020,0,Invasion,Invasion,Spring,MaternityE,Island,N,WG,MA,F,A,5.6,34.8,N,NA,17815,-,0,Undetermined,NA,-6.5,
5/7/19,2019127,127,5,17.2258,2019,2019,2020,0,Invasion,Invasion,Spring,MaternityE,Island,N,WG,MA,F,A,6.7,34.3,N,NA,17817,-,0,Undetermined,NA,-6.5,
5/7/19,2019127,127,5,17.2258,2019,2019,2020,0,Invasion,Invasion,Spring,MaternityE,Island,N,WG,MA,M,A,5.9,35.8,N,NA,17816,-,0,Undetermined,NA,-6.5,
5/7/19,2019127,127,5,17.2258,2019,2019,2020,0,Invasion,Invasion,Spring,MaternityE,Island,N,WG,MA,F,A,6,34.3,N,NA,17818,-,0,Undetermined,NA,-6.5,
5/8/18,2018128,128,5,17.2581,2018,2018,2020,0,Invasion,Invasion,Spring,MaternityE,Island,N,WG,MA,F,A,6.6,36.7,N,NA,17978,-,0,Undetermined,NA,-6.5,
5/8/18,2018128,128,5,17.2581,2018,2018,2020,0,Invasion,Invasion,Spring,MaternityE,Island,N,WG,MA,M,A,5.4,34.1,N,NA,17977,-,0,Undetermined,NA,-6.5,
5/14/21,2021134,134,5,17.4516,2021,2021,2020,1,Invasion,Invasion,Spring,MaternityE,Island,N,WG,MA,F,A,5.4,35.8,N,NA,17750,-,0,Undetermined,NA,-6.5,
5/31/19,2019151,151,5,18,2019,2019,2020,0,Invasion,Invasion,Spring,MaternityE,Island,N,WG,MA,F,A,7.2,36,N,NA,17819,-,0,Undetermined,NA,-6.5,
5/31/19,2019151,151,5,18,2019,2019,2020,0,Invasion,Invasion,Spring,MaternityE,Island,N,WG,MA,M,A,5.5,34,N,NA,17820,-,0,Undetermined,NA,-6.5,
5/31/19,2019151,151,5,18,2019,2019,2020,0,Invasion,Invasion,Spring,MaternityE,Island,N,WG,MA,F,A,6.2,35.5,N,NA,17822,-,0,Undetermined,NA,-6.5,
5/31/19,2019151,151,5,18,2019,2019,2020,0,Invasion,Invasion,Spring,MaternityE,Island,N,WG,MA,F,A,4.8,36,N,NA,17821,-,0,Undetermined,NA,-6.5,
5/31/19,2019151,151,5,18,2019,2019,2020,0,Invasion,Invasion,Spring,MaternityE,Island,N,WG,MA,F,A,5,36.5,N,NA,17823,-,0,Undetermined,NA,-6.5,
5/31/19,2019151,151,5,18,2019,2019,2020,0,Invasion,Invasion,Spring,MaternityE,Island,N,WG,MA,M,A,6.4,36,N,NA,17824,-,0,Undetermined,NA,-6.5,
5/31/19,2019151,151,5,18,2019,2019,2020,0,Invasion,Invasion,Spring,MaternityE,Island,N,WG,MA,M,A,7.2,36,N,NA,17825,-,0,Undetermined,NA,-6.5,
5/31/19,2019151,151,5,18,2019,2019,2020,0,Invasion,Invasion,Spring,MaternityE,Island,N,WG,MA,F,A,7,37,N,NA,17843,-,0,Undetermined,NA,-6.5,
5/31/19,2019151,151,5,18,2019,2019,2020,0,Invasion,Invasion,Spring,MaternityE,Island,N,WG,MA,F,A,7.6,34,N,NA,17827,-,0,Undetermined,NA,-6.5,
6/12/19,2019163,163,6,19.4,2019,2019,2020,0,Invasion,Invasion,Summer,Maternity,Island,N,WG,MA,F,A,7.4,36.4,N,NA,17751,-,0,Undetermined,NA,-6.5,
6/12/19,2019163,163,6,19.4,2019,2019,2020,0,Invasion,Invasion,Summer,Maternity,Island,N,WG,MA,M,A,6.5,36.7,N,NA,17752,-,0,Undetermined,NA,-6.5,
6/12/19,2019163,163,6,19.4,2019,2019,2020,0,Invasion,Invasion,Summer,Maternity,Island,N,WG,MA,F,A,8.2,36.1,N,NA,17754,-,0,Undetermined,NA,-6.5,
6/12/19,2019163,163,6,19.4,2019,2019,2020,0,Invasion,Invasion,Summer,Maternity,Island,N,WG,MA,F,A,6.2,35.4,N,NA,17753,-,0,Undetermined,NA,-6.5,
6/12/19,2019163,163,6,19.4,2019,2019,2020,0,Invasion,Invasion,Summer,Maternity,Island,N,WG,MA,M,A,6.1,34.6,N,NA,17755,-,0,Undetermined,NA,-6.5,
6/12/19,2019163,163,6,19.4,2019,2019,2020,0,Invasion,Invasion,Summer,Maternity,Island,N,WG,MA,M,A,6.7,36,N,NA,17756,-,0,Undetermined,NA,-6.5,
6/12/19,2019163,163,6,19.4,2019,2019,2020,0,Invasion,Invasion,Summer,Maternity,Island,N,WG,MA,M,A,6.1,34.5,N,NA,17757,-,0,Undetermined,NA,-6.5,
7/22/21,2021203,203,7,20.7097,2021,2021,2020,1,Invasion,Invasion,Summer,Maternity,Island,N,WG,MA,F,J,5.8,35.5,N,NA,17749,-,0,Undetermined,NA,-6.5,
7/22/21,2021203,203,7,20.7097,2021,2021,2020,1,Invasion,Invasion,Summer,Maternity,Island,N,WG,MA,F,A,7.3,35.8,N,NA,17748,-,0,Undetermined,NA,-6.5,
7/22/21,2021203,203,7,20.7097,2021,2021,2020,1,Invasion,Invasion,Summer,Maternity,Island,N,WG,MA,M,J,5.8,34.8,N,NA,17747,-,0,Undetermined,NA,-6.5,
7/22/21,2021203,203,7,20.7097,2021,2021,2020,1,Invasion,Invasion,Summer,Maternity,Island,N,WG,MA,F,J,6.3,36.7,N,NA,17746,-,0,Undetermined,NA,-6.5,
7/22/21,2021203,203,7,20.7097,2021,2021,2020,1,Invasion,Invasion,Summer,Maternity,Island,N,WG,MA,F,J,6,37.5,N,NA,17745,-,0,Undetermined,NA,-6.5,
7/22/21,2021203,203,7,20.7097,2021,2021,2020,1,Invasion,Invasion,Summer,Maternity,Island,N,WG,MA,M,A,7,36.5,N,NA,17744,-,0,Undetermined,NA,-6.5,
7/22/21,2021203,203,7,20.7097,2021,2021,2020,1,Invasion,Invasion,Summer,Maternity,Island,N,WG,MA,M,A,6.8,36.6,N,NA,17743,-,0,Undetermined,NA,-6.5,
7/27/21,2021208,208,7,20.871,2021,2021,2020,1,Invasion,Invasion,Summer,Maternity,Island,N,WG,MA,M,J,6.2,35.2,N,NA,17701,-,0,Undetermined,NA,-6.5,
11/18/15,NA,322,11,11.6,2015,2016,2013,3,Epidemic,Post-invasion,Fall,Hiber_Early,Main,Main,ZM,IL,NA,NA,NA,NA,NA,NA,NA,NA,1,NA,0.001924984,-2.715572876,
11/20/14,NA,324,11,11.6667,2014,2015,2013,2,Epidemic,Invasion,Fall,Hiber_Early,Main,Main,ZM,IL,NA,NA,NA,NA,NA,NA,NA,NA,1,NA,0.0000787,-4.104025268,
11/20/14,NA,324,11,11.6667,2014,2015,2013,2,Epidemic,Invasion,Fall,Hiber_Early,Main,Main,ZM,IL,NA,NA,NA,NA,NA,NA,NA,NA,1,NA,0.00011453,-3.941080739,
11/20/14,NA,324,11,11.6667,2014,2015,2013,2,Epidemic,Invasion,Fall,Hiber_Early,Main,Main,ZM,IL,NA,NA,NA,NA,NA,NA,NA,NA,1,NA,0.010156965,-1.993236044,
11/20/14,NA,324,11,11.6667,2014,2015,2013,2,Epidemic,Invasion,Fall,Hiber_Early,Main,Main,ZM,IL,NA,NA,NA,NA,NA,NA,NA,NA,1,NA,0.049446645,-1.30586317,
11/20/14,NA,324,11,11.6667,2014,2015,2013,2,Epidemic,Invasion,Fall,Hiber_Early,Main,Main,ZM,IL,NA,NA,NA,NA,NA,NA,NA,NA,1,NA,0.1240219,-0.90650162,
11/20/14,NA,324,11,11.6667,2014,2015,2013,2,Epidemic,Invasion,Fall,Hiber_Early,Main,Main,ZM,IL,NA,NA,NA,NA,NA,NA,NA,NA,1,NA,0.14640625,-0.834440383,
11/21/13,NA,325,11,11.7,2013,2014,2013,1,Invasion,Invasion,Fall,Hiber_Early,Main,Main,ZM,IL,NA,NA,NA,NA,NA,NA,NA,NA,1,NA,0.000444313,-3.35231098,
11/21/13,NA,325,11,11.7,2013,2014,2013,1,Invasion,Invasion,Fall,Hiber_Early,Main,Main,ZM,IL,NA,NA,NA,NA,NA,NA,NA,NA,1,NA,0.000455707,-3.3413143,
11/21/13,NA,325,11,11.7,2013,2014,2013,1,Invasion,Invasion,Fall,Hiber_Early,Main,Main,ZM,IL,NA,NA,NA,NA,NA,NA,NA,NA,1,NA,0.000749234,-3.125382523,
11/21/13,NA,325,11,11.7,2013,2014,2013,1,Invasion,Invasion,Fall,Hiber_Early,Main,Main,ZM,IL,NA,NA,NA,NA,NA,NA,NA,NA,1,NA,0.001282257,-2.892024921,
11/21/13,NA,325,11,11.7,2013,2014,2013,1,Invasion,Invasion,Fall,Hiber_Early,Main,Main,ZM,IL,NA,NA,NA,NA,NA,NA,NA,NA,1,NA,0.004106154,-2.386564767,
11/21/13,NA,325,11,11.7,2013,2014,2013,1,Invasion,Invasion,Fall,Hiber_Early,Main,Main,ZM,IL,NA,NA,NA,NA,NA,NA,NA,NA,1,NA,0.005738679,-2.241188067,
11/21/13,NA,325,11,11.7,2013,2014,2013,1,Invasion,Invasion,Fall,Hiber_Early,Main,Main,ZM,IL,NA,NA,NA,NA,NA,NA,NA,NA,1,NA,0.007328751,-2.134970034,
11/21/13,NA,325,11,11.7,2013,2014,2013,1,Invasion,Invasion,Fall,Hiber_Early,Main,Main,ZM,IL,NA,NA,NA,NA,NA,NA,NA,NA,1,NA,0.016890679,-1.772352892,
11/21/13,NA,325,11,11.7,2013,2014,2013,1,Invasion,Invasion,Fall,Hiber_Early,Main,Main,ZM,IL,NA,NA,NA,NA,NA,NA,NA,NA,1,NA,0.022382996,-1.650081783,
11/21/13,NA,325,11,11.7,2013,2014,2013,1,Invasion,Invasion,Fall,Hiber_Early,Main,Main,ZM,IL,NA,NA,NA,NA,NA,NA,NA,NA,1,NA,0.025269123,-1.597409831,
11/21/13,NA,325,11,11.7,2013,2014,2013,1,Invasion,Invasion,Fall,Hiber_Early,Main,Main,ZM,IL,NA,NA,NA,NA,NA,NA,NA,NA,1,NA,0.041454284,-1.382430582,
11/21/13,NA,325,11,11.7,2013,2014,2013,1,Invasion,Invasion,Fall,Hiber_Early,Main,Main,ZM,IL,NA,NA,NA,NA,NA,NA,NA,NA,1,NA,0.048495467,-1.314298854,
11/21/13,NA,325,11,11.7,2013,2014,2013,1,Invasion,Invasion,Fall,Hiber_Early,Main,Main,ZM,IL,NA,NA,NA,NA,NA,NA,NA,NA,1,NA,0.072621761,-1.138933224,
11/21/13,NA,325,11,11.7,2013,2014,2013,1,Invasion,Invasion,Fall,Hiber_Early,Main,Main,ZM,IL,NA,NA,NA,NA,NA,NA,NA,NA,1,NA,0.099459423,-1.002354065,
11/21/13,NA,325,11,11.7,2013,2014,2013,1,Invasion,Invasion,Fall,Hiber_Early,Main,Main,ZM,IL,NA,NA,NA,NA,NA,NA,NA,NA,1,NA,0.146619044,-0.833809617,
11/21/13,NA,325,11,11.7,2013,2014,2013,1,Invasion,Invasion,Fall,Hiber_Early,Main,Main,ZM,IL,NA,NA,NA,NA,NA,NA,NA,NA,1,NA,0.302417797,-0.519392655,
11/21/13,NA,325,11,11.7,2013,2014,2013,1,Invasion,Invasion,Fall,Hiber_Early,Main,Main,ZM,IL,NA,NA,NA,NA,NA,NA,NA,NA,1,NA,0.491114915,-0.308816876,
11/21/13,NA,325,11,11.7,2013,2014,2013,1,Invasion,Invasion,Fall,Hiber_Early,Main,Main,ZM,IL,NA,NA,NA,NA,NA,NA,NA,NA,1,NA,4.02924586,0.605223768,
11/21/13,NA,325,11,11.7,2013,2014,2013,1,Invasion,Invasion,Fall,Hiber_Early,Main,Main,ZM,IL,NA,NA,NA,NA,NA,NA,NA,NA,0,NA,NA,-6.5,
12/4/12,NA,339,12,12.129,2012,2013,2013,0,Invasion,Invasion,Fall,Hiber_Early,Main,Main,ZM,IL,NA,NA,NA,NA,NA,NA,NA,NA,0,NA,NA,-6.5,
12/4/12,NA,339,12,12.129,2012,2013,2013,0,Invasion,Invasion,Fall,Hiber_Early,Main,Main,ZM,IL,NA,NA,NA,NA,NA,NA,NA,NA,0,NA,NA,-6.5,
12/4/12,NA,339,12,12.129,2012,2013,2013,0,Invasion,Invasion,Fall,Hiber_Early,Main,Main,ZM,IL,NA,NA,NA,NA,NA,NA,NA,NA,0,NA,NA,-6.5,
12/4/12,NA,339,12,12.129,2012,2013,2013,0,Invasion,Invasion,Fall,Hiber_Early,Main,Main,ZM,IL,NA,NA,NA,NA,NA,NA,NA,NA,0,NA,NA,-6.5,
12/4/12,NA,339,12,12.129,2012,2013,2013,0,Invasion,Invasion,Fall,Hiber_Early,Main,Main,ZM,IL,NA,NA,NA,NA,NA,NA,NA,NA,0,NA,NA,-6.5,
12/4/12,NA,339,12,12.129,2012,2013,2013,0,Invasion,Invasion,Fall,Hiber_Early,Main,Main,ZM,IL,NA,NA,NA,NA,NA,NA,NA,NA,0,NA,NA,-6.5,
12/4/12,NA,339,12,12.129,2012,2013,2013,0,Invasion,Invasion,Fall,Hiber_Early,Main,Main,ZM,IL,NA,NA,NA,NA,NA,NA,NA,NA,0,NA,NA,-6.5,
12/4/12,NA,339,12,12.129,2012,2013,2013,0,Invasion,Invasion,Fall,Hiber_Early,Main,Main,ZM,IL,NA,NA,NA,NA,NA,NA,NA,NA,0,NA,NA,-6.5,
12/4/12,NA,339,12,12.129,2012,2013,2013,0,Invasion,Invasion,Fall,Hiber_Early,Main,Main,ZM,IL,NA,NA,NA,NA,NA,NA,NA,NA,0,NA,NA,-6.5,
12/4/12,NA,339,12,12.129,2012,2013,2013,0,Invasion,Invasion,Fall,Hiber_Early,Main,Main,ZM,IL,NA,NA,NA,NA,NA,NA,NA,NA,0,NA,NA,-6.5,
12/4/12,NA,339,12,12.129,2012,2013,2013,0,Invasion,Invasion,Fall,Hiber_Early,Main,Main,ZM,IL,NA,NA,NA,NA,NA,NA,NA,NA,0,NA,NA,-6.5,
12/4/12,NA,339,12,12.129,2012,2013,2013,0,Invasion,Invasion,Fall,Hiber_Early,Main,Main,ZM,IL,NA,NA,NA,NA,NA,NA,NA,NA,0,NA,NA,-6.5,
12/4/12,NA,339,12,12.129,2012,2013,2013,0,Invasion,Invasion,Fall,Hiber_Early,Main,Main,ZM,IL,NA,NA,NA,NA,NA,NA,NA,NA,0,NA,NA,-6.5,
12/4/12,NA,339,12,12.129,2012,2013,2013,0,Invasion,Invasion,Fall,Hiber_Early,Main,Main,ZM,IL,NA,NA,NA,NA,NA,NA,NA,NA,0,NA,NA,-6.5,
12/4/12,NA,339,12,12.129,2012,2013,2013,0,Invasion,Invasion,Fall,Hiber_Early,Main,Main,ZM,IL,NA,NA,NA,NA,NA,NA,NA,NA,0,NA,NA,-6.5,
12/4/12,NA,339,12,12.129,2012,2013,2013,0,Invasion,Invasion,Fall,Hiber_Early,Main,Main,ZM,IL,NA,NA,NA,NA,NA,NA,NA,NA,0,NA,NA,-6.5,
12/4/12,NA,339,12,12.129,2012,2013,2013,0,Invasion,Invasion,Fall,Hiber_Early,Main,Main,ZM,IL,NA,NA,NA,NA,NA,NA,NA,NA,0,NA,NA,-6.5,
12/4/12,NA,339,12,12.129,2012,2013,2013,0,Invasion,Invasion,Fall,Hiber_Early,Main,Main,ZM,IL,NA,NA,NA,NA,NA,NA,NA,NA,0,NA,NA,-6.5,
12/4/12,NA,339,12,12.129,2012,2013,2013,0,Invasion,Invasion,Fall,Hiber_Early,Main,Main,ZM,IL,NA,NA,NA,NA,NA,NA,NA,NA,0,NA,NA,-6.5,
12/4/12,NA,339,12,12.129,2012,2013,2013,0,Invasion,Invasion,Fall,Hiber_Early,Main,Main,ZM,IL,NA,NA,NA,NA,NA,NA,NA,NA,0,NA,NA,-6.5,
3/19/18,NA,78,3,15.6129,2018,2018,2013,5,Established,Post-invasion,Spring,Hiber_Late,Main,Main,ZM,IL,NA,NA,NA,NA,NA,NA,NA,NA,1,NA,0.013811933,-1.859745537,
3/24/14,NA,83,3,15.7742,2014,2014,2013,1,Invasion,Invasion,Spring,Hiber_Late,Main,Main,ZM,IL,NA,NA,NA,NA,NA,NA,NA,NA,1,NA,0.001426284,-2.84579399,
3/26/13,NA,85,3,15.8387,2013,2013,2013,0,Invasion,Invasion,Spring,Hiber_Late,Main,Main,ZM,IL,NA,NA,NA,NA,NA,NA,NA,NA,1,NA,0.0000741,-4.130181792,
3/26/13,NA,85,3,15.8387,2013,2013,2013,0,Invasion,Invasion,Spring,Hiber_Late,Main,Main,ZM,IL,NA,NA,NA,NA,NA,NA,NA,NA,1,NA,0.000118358,-3.926802382,
3/26/13,NA,85,3,15.8387,2013,2013,2013,0,Invasion,Invasion,Spring,Hiber_Late,Main,Main,ZM,IL,NA,NA,NA,NA,NA,NA,NA,NA,1,NA,0.000941697,-3.026088813,
3/26/13,NA,85,3,15.8387,2013,2013,2013,0,Invasion,Invasion,Spring,Hiber_Late,Main,Main,ZM,IL,NA,NA,NA,NA,NA,NA,NA,NA,1,NA,0.001029981,-2.987170787,
3/26/13,NA,85,3,15.8387,2013,2013,2013,0,Invasion,Invasion,Spring,Hiber_Late,Main,Main,ZM,IL,NA,NA,NA,NA,NA,NA,NA,NA,1,NA,0.001126483,-2.948275358,
3/26/13,NA,85,3,15.8387,2013,2013,2013,0,Invasion,Invasion,Spring,Hiber_Late,Main,Main,ZM,IL,NA,NA,NA,NA,NA,NA,NA,NA,1,NA,0.002902227,-2.537268622,
3/26/13,NA,85,3,15.8387,2013,2013,2013,0,Invasion,Invasion,Spring,Hiber_Late,Main,Main,ZM,IL,NA,NA,NA,NA,NA,NA,NA,NA,1,NA,0.005864505,-2.231768639,
3/26/13,NA,85,3,15.8387,2013,2013,2013,0,Invasion,Invasion,Spring,Hiber_Late,Main,Main,ZM,IL,NA,NA,NA,NA,NA,NA,NA,NA,1,NA,0.00594114,-2.226130214,
3/26/13,NA,85,3,15.8387,2013,2013,2013,0,Invasion,Invasion,Spring,Hiber_Late,Main,Main,ZM,IL,NA,NA,NA,NA,NA,NA,NA,NA,1,NA,0.0106418,-1.972984907,
3/26/13,NA,85,3,15.8387,2013,2013,2013,0,Invasion,Invasion,Spring,Hiber_Late,Main,Main,ZM,IL,NA,NA,NA,NA,NA,NA,NA,NA,1,NA,0.01151415,-1.938768117,
3/26/13,NA,85,3,15.8387,2013,2013,2013,0,Invasion,Invasion,Spring,Hiber_Late,Main,Main,ZM,IL,NA,NA,NA,NA,NA,NA,NA,NA,1,NA,0.0117365,-1.930461397,
3/26/13,NA,85,3,15.8387,2013,2013,2013,0,Invasion,Invasion,Spring,Hiber_Late,Main,Main,ZM,IL,NA,NA,NA,NA,NA,NA,NA,NA,1,NA,0.014543791,-1.837322375,
3/26/13,NA,85,3,15.8387,2013,2013,2013,0,Invasion,Invasion,Spring,Hiber_Late,Main,Main,ZM,IL,NA,NA,NA,NA,NA,NA,NA,NA,1,NA,0.01472207,-1.832031122,
3/26/13,NA,85,3,15.8387,2013,2013,2013,0,Invasion,Invasion,Spring,Hiber_Late,Main,Main,ZM,IL,NA,NA,NA,NA,NA,NA,NA,NA,1,NA,0.029483834,-1.530416043,
3/26/13,NA,85,3,15.8387,2013,2013,2013,0,Invasion,Invasion,Spring,Hiber_Late,Main,Main,ZM,IL,NA,NA,NA,NA,NA,NA,NA,NA,1,NA,0.049918423,-1.301739143,
3/26/13,NA,85,3,15.8387,2013,2013,2013,0,Invasion,Invasion,Spring,Hiber_Late,Main,Main,ZM,IL,NA,NA,NA,NA,NA,NA,NA,NA,1,NA,0.081370683,-1.089532039,
3/26/13,NA,85,3,15.8387,2013,2013,2013,0,Invasion,Invasion,Spring,Hiber_Late,Main,Main,ZM,IL,NA,NA,NA,NA,NA,NA,NA,NA,1,NA,0.192588372,-0.715369938,
3/26/13,NA,85,3,15.8387,2013,2013,2013,0,Invasion,Invasion,Spring,Hiber_Late,Main,Main,ZM,IL,NA,NA,NA,NA,NA,NA,NA,NA,1,NA,0.253520837,-0.59598634,
3/26/13,NA,85,3,15.8387,2013,2013,2013,0,Invasion,Invasion,Spring,Hiber_Late,Main,Main,ZM,IL,NA,NA,NA,NA,NA,NA,NA,NA,1,NA,0.379725583,-0.420530142,
3/26/13,NA,85,3,15.8387,2013,2013,2013,0,Invasion,Invasion,Spring,Hiber_Late,Main,Main,ZM,IL,NA,NA,NA,NA,NA,NA,NA,NA,1,NA,0.706065808,-0.151154819,
3/26/13,NA,85,3,15.8387,2013,2013,2013,0,Invasion,Invasion,Spring,Hiber_Late,Main,Main,ZM,IL,NA,NA,NA,NA,NA,NA,NA,NA,1,NA,0.790657667,-0.102011513,
3/26/13,NA,85,3,15.8387,2013,2013,2013,0,Invasion,Invasion,Spring,Hiber_Late,Main,Main,ZM,IL,NA,NA,NA,NA,NA,NA,NA,NA,1,NA,1.207532369,0.081898781,